Attrition,EmployeeNumber,Age,BusinessTravel,Department,DistanceFromHome,EducationField,EnvironmentSatisfaction,Gender,JobRole,JobSatisfaction,MaritalStatus,PercentSalaryHike,PerformanceRating,TrainingTimesLastYear,YearsAtCompany,YearsInCurrentRole,YearsSinceLastPromotion,MonthlyIncome
1,1,41,2,3,1,3,2,2,5,4,1,11,3,0,6,4,0,5993
2,2,49,3,1,8,3,3,1,3,2,3,23,4,3,10,7,1,5130
1,4,37,2,1,2,2,4,1,2,3,1,15,3,3,0,0,0,2090
2,5,33,3,1,3,3,4,2,3,3,3,11,3,3,8,7,3,2909
2,7,27,2,1,2,4,1,1,2,2,3,12,3,3,2,2,2,3468
2,8,32,3,1,2,3,4,1,2,4,1,13,3,2,7,7,3,3068
2,10,59,2,1,3,4,3,2,2,1,3,20,4,3,1,0,0,2670
2,11,30,2,1,24,3,4,1,2,3,2,22,4,2,1,0,0,2693
2,12,38,3,1,23,3,4,1,6,3,1,21,4,2,9,7,1,9526
2,13,36,2,1,27,4,3,1,7,3,3,13,3,3,7,7,7,5237
2,14,35,2,1,16,4,1,1,2,2,3,13,3,5,5,4,0,2426
2,15,29,2,1,15,3,4,2,2,3,1,12,3,3,9,5,0,4193
2,16,31,2,1,26,3,1,1,3,3,2,17,3,1,5,2,4,2911
2,18,34,2,1,19,4,2,1,2,4,2,11,3,2,2,2,1,2661
1,19,28,2,1,24,3,3,1,2,3,1,14,3,4,4,2,0,2028
2,20,29,2,1,21,3,2,2,6,1,2,11,3,1,10,9,8,9980
2,21,32,2,1,5,3,1,1,3,2,2,12,3,5,6,2,0,3298
2,22,22,1,1,16,4,4,1,2,4,2,13,3,2,1,0,0,2935
2,23,53,2,3,2,3,1,2,9,4,3,16,3,3,25,8,3,15427
2,24,38,2,1,2,3,4,1,3,4,1,11,3,3,3,2,1,3944
2,26,24,1,1,11,2,1,2,6,3,2,18,3,5,4,2,1,4011
1,27,36,2,3,9,3,3,1,1,1,1,23,4,4,5,3,0,3407
2,28,34,2,1,7,3,1,2,8,2,1,11,3,4,12,6,2,11994
2,30,21,2,1,15,3,3,1,3,4,1,14,3,6,0,0,0,1232
1,31,34,2,1,6,4,2,1,3,1,1,11,3,2,4,2,1,2960
2,32,53,2,1,5,2,3,2,9,3,2,11,3,3,14,13,4,19094
1,33,32,3,1,16,3,2,2,3,1,1,22,4,5,10,2,6,3919
2,35,42,2,3,8,6,3,1,5,2,3,11,3,2,9,7,4,6825
2,36,44,2,1,7,4,1,2,7,4,3,14,3,4,22,6,5,10248
2,38,46,2,3,2,6,2,2,9,1,1,12,3,2,2,2,2,18947
2,39,33,2,1,2,4,3,1,2,4,1,11,3,3,1,1,0,2496
2,40,44,2,1,10,2,4,1,7,4,3,13,3,5,4,2,1,6465
2,41,30,2,1,9,4,4,1,2,3,1,13,3,5,10,0,1,2206
1,42,39,2,3,5,1,4,1,1,4,3,14,3,6,1,0,0,2086
1,45,24,2,1,1,4,2,1,3,4,3,16,3,2,2,0,2,2293
2,46,43,2,1,2,4,4,2,3,3,2,12,3,3,5,3,1,2645
1,47,50,2,3,3,6,1,1,1,3,3,14,3,2,3,2,0,2683
2,49,35,2,3,2,6,4,2,1,4,3,13,3,3,2,2,2,2014
2,51,36,2,1,5,3,2,2,3,1,3,14,3,3,1,1,0,3419
2,52,33,3,3,1,3,3,2,5,1,3,19,3,3,5,3,1,5376
2,53,35,2,1,4,2,3,1,2,4,2,12,3,3,1,0,0,1951
2,54,27,2,1,2,3,4,2,2,1,2,13,3,6,1,0,0,2341
1,55,26,2,1,25,3,1,1,2,3,1,12,3,2,1,0,0,2293
2,56,27,3,3,8,3,4,1,5,3,1,15,3,0,9,8,1,8726
2,57,30,3,1,1,4,3,2,2,4,1,23,4,2,12,8,3,4011
1,58,41,2,1,12,1,2,2,8,3,3,12,3,0,22,15,15,19545
2,60,34,1,3,23,6,2,1,5,3,1,20,4,2,9,5,8,4568
2,61,37,2,1,19,3,2,1,3,2,3,21,4,1,1,0,0,3022
2,62,46,3,3,5,6,1,1,5,4,1,21,4,4,9,6,0,5772
2,63,35,2,1,8,3,4,1,2,4,3,19,3,2,1,0,0,2269
1,64,48,2,1,1,3,1,1,2,3,1,13,3,2,1,0,0,5381
1,65,28,2,1,5,1,3,1,2,3,1,13,3,3,2,2,2,3441
2,68,44,2,3,1,6,2,2,5,1,2,21,4,2,4,3,1,5454
2,70,35,1,1,11,4,3,1,7,1,3,13,3,3,4,0,2,9884
2,72,26,2,3,23,6,3,2,5,4,3,19,3,2,2,2,0,4157
2,73,33,3,1,1,3,1,2,8,4,1,12,3,1,15,14,8,13458
2,74,35,3,3,18,3,2,1,5,1,3,22,4,3,9,8,1,9069
2,75,35,2,1,23,4,3,2,2,1,3,15,3,3,2,2,2,4014
2,76,31,2,1,7,3,4,1,2,4,2,22,4,3,7,7,1,5915
2,77,37,2,1,1,3,1,1,6,3,2,18,3,2,7,5,0,5993
2,78,32,2,1,1,4,1,1,6,4,3,22,4,3,9,8,7,6162
2,79,38,3,1,29,3,4,2,2,4,1,11,3,2,10,3,9,2406
2,80,50,2,1,7,4,2,2,8,3,2,12,3,2,27,3,13,18740
2,81,59,2,3,25,3,1,2,5,1,1,11,3,3,21,16,7,7637
2,83,36,2,1,8,1,3,2,7,3,2,13,3,2,17,14,12,10096
2,84,55,2,1,8,4,4,2,9,3,2,14,3,2,5,0,0,14756
2,85,36,3,1,11,3,2,1,6,2,1,13,3,3,6,5,0,6499
2,86,45,2,1,7,3,2,1,3,1,2,17,3,2,1,0,0,9724
2,88,35,3,1,1,4,2,1,3,1,3,13,3,2,3,2,1,2194
1,90,36,2,1,9,4,4,1,3,3,3,17,3,0,1,0,0,3388
2,91,59,3,3,1,3,1,2,5,3,1,11,3,2,4,3,1,5473
2,94,29,2,1,2,3,3,1,3,2,3,23,4,3,5,4,0,2703
2,95,31,2,1,1,4,3,1,3,2,1,17,3,4,1,1,1,2501
2,96,32,2,1,1,3,2,1,3,2,3,17,3,3,10,4,0,6220
2,97,36,2,1,6,3,2,2,2,4,3,12,3,3,1,0,0,3038
2,98,31,2,1,8,3,3,2,6,4,1,23,4,2,11,7,1,4424
2,100,35,2,3,1,6,3,1,5,1,1,14,3,2,15,13,2,4312
2,101,45,2,1,6,2,4,1,8,1,3,14,3,3,0,0,0,13245
2,102,37,2,1,7,4,1,1,8,3,1,13,3,3,5,2,0,13664
2,103,46,2,2,5,4,2,1,4,2,2,22,4,2,4,2,0,5021
2,104,30,2,1,1,3,4,1,2,4,3,12,3,1,10,8,3,5126
2,105,35,2,1,1,4,2,1,3,3,1,18,3,3,6,4,0,2859
2,106,55,2,3,1,3,1,1,5,4,3,14,3,4,1,0,1,10239
2,107,38,1,1,6,4,2,2,3,4,2,12,3,3,13,11,1,5329
2,110,34,2,1,1,4,1,1,6,2,3,15,3,2,5,2,1,4325
2,112,56,2,1,7,3,4,1,6,4,1,11,3,3,6,4,0,7260
2,113,23,2,3,2,1,3,1,1,1,2,13,3,3,0,0,0,2322
2,116,51,2,1,9,3,4,1,2,4,3,23,4,4,4,2,0,2075
2,117,30,2,1,2,3,3,1,7,4,3,19,3,3,11,10,10,4152
1,118,46,2,3,9,4,3,1,5,4,1,16,3,3,9,8,4,9619
2,119,40,3,1,1,3,3,1,7,2,3,22,4,3,22,3,11,13503
2,120,51,2,3,21,6,3,1,5,4,1,22,4,2,10,7,1,5441
2,121,30,2,3,4,4,3,2,5,2,2,12,3,4,11,8,2,5209
2,124,46,3,1,1,4,3,1,7,1,3,13,3,5,10,9,9,10673
2,125,32,2,3,6,4,2,1,5,3,1,16,3,0,11,8,5,5010
2,126,54,2,1,2,1,1,2,8,3,3,12,3,5,4,3,0,13549
2,128,24,2,3,3,2,1,2,5,3,3,21,4,2,3,2,0,4999
2,129,28,1,3,4,4,2,1,5,3,3,15,3,3,5,4,0,4221
2,131,58,2,3,10,4,4,1,5,3,1,13,3,1,37,10,1,13872
2,132,44,1,1,23,4,2,1,2,2,3,12,3,3,3,2,1,2042
1,133,37,2,2,6,5,3,1,4,1,2,22,4,3,3,2,0,2073
2,134,32,2,1,1,3,4,1,3,1,1,13,3,2,1,0,0,2956
1,137,20,3,1,6,3,4,2,2,4,1,18,3,5,1,0,1,2926
2,138,34,2,1,6,2,1,2,3,3,1,14,3,3,16,13,2,4809
2,139,37,1,1,2,3,3,1,7,4,2,14,3,2,1,0,0,5163
2,140,59,1,2,2,5,3,2,9,4,3,21,4,3,3,2,2,18844
2,141,50,3,1,1,3,1,2,8,2,3,19,3,1,8,3,0,18172
1,142,25,2,3,5,6,3,1,5,3,1,11,3,1,6,4,0,5744
2,143,25,2,1,7,4,4,1,3,4,3,11,3,2,2,2,2,2889
2,144,22,2,1,15,4,2,2,2,4,1,15,3,5,0,0,0,2871
2,145,51,3,1,1,4,1,2,7,1,1,20,4,1,13,12,12,7484
1,147,34,3,1,7,3,1,1,2,3,1,24,4,3,9,7,0,6074
2,148,54,1,2,26,5,4,2,9,4,1,12,3,3,5,3,4,17328
2,150,24,2,1,18,3,2,1,2,3,3,12,3,2,5,3,1,2774
2,151,34,2,1,6,3,3,2,3,2,2,15,3,3,1,0,0,4505
2,152,37,2,3,3,3,3,1,5,4,1,12,3,3,5,3,1,7428
2,153,34,2,1,5,4,3,2,9,1,1,12,3,6,11,10,5,11631
2,154,36,3,3,11,1,2,2,5,4,3,14,3,6,9,7,2,9738
2,155,36,2,1,3,3,1,2,2,4,2,22,4,2,1,0,0,2835
2,158,43,3,3,26,3,3,1,9,4,3,12,3,3,25,12,4,16959
2,159,30,3,1,23,3,1,1,3,3,2,25,4,2,10,7,0,2613
2,160,33,1,3,22,6,3,1,5,2,3,13,3,2,7,7,0,6146
1,161,56,2,1,14,3,2,2,3,2,3,18,3,2,5,4,4,4963
2,162,51,2,1,6,3,1,1,8,3,1,13,3,5,20,18,15,19537
1,163,31,2,3,6,3,2,1,5,3,3,18,3,3,7,7,7,6172
2,164,26,2,1,6,2,3,2,3,2,3,19,3,3,5,4,4,2368
1,165,58,2,1,23,4,4,2,7,4,3,12,3,3,40,10,15,10312
1,167,19,2,3,22,6,4,1,1,3,1,19,3,2,0,0,0,1675
2,169,22,2,1,2,1,3,1,2,4,3,14,3,2,2,1,2,2523
2,170,49,2,1,20,4,3,2,6,1,3,14,3,2,15,11,5,6567
2,171,43,3,1,28,4,2,2,3,3,1,12,3,2,3,2,1,4739
2,174,50,3,3,12,6,3,2,5,4,1,11,3,3,2,2,2,9208
1,175,31,2,3,20,3,2,2,5,3,3,11,3,2,2,2,2,4559
2,176,41,2,3,9,3,3,1,5,3,2,13,3,2,9,7,0,8189
2,177,26,2,2,25,3,3,2,4,3,3,23,4,3,8,7,5,2942
2,178,36,2,1,6,4,2,1,6,2,2,20,4,0,3,2,0,4941
1,179,51,3,1,8,3,1,1,6,4,1,15,3,2,4,2,0,10650
2,182,39,2,3,4,3,4,2,5,3,3,14,3,1,15,11,5,5902
2,183,25,2,3,28,3,1,1,5,3,3,18,3,3,2,2,2,8639
2,184,30,2,2,9,5,3,1,4,4,3,19,3,2,11,9,4,6347
1,190,32,2,1,9,4,1,2,2,1,1,22,4,2,5,4,0,4200
2,192,45,2,1,29,4,3,1,3,4,1,13,3,2,6,5,0,3452
2,193,38,2,1,3,1,4,2,3,3,1,20,4,2,3,2,2,4317
2,194,30,2,1,18,3,1,2,3,3,1,14,3,4,5,4,0,2632
2,195,32,3,3,9,4,4,1,5,4,2,17,3,2,8,7,0,4668
2,197,30,2,1,5,1,4,2,3,1,2,14,3,3,3,2,2,3204
2,198,30,2,1,2,4,2,1,2,4,1,13,3,3,5,3,1,2720
2,199,41,3,1,10,3,4,1,9,1,2,13,3,2,7,6,7,17181
2,200,41,2,1,9,3,3,1,2,1,3,21,4,2,5,0,1,2238
2,201,19,2,1,3,4,2,2,2,2,1,14,3,3,1,0,0,1483
2,202,40,3,1,26,4,2,2,3,2,2,11,3,2,20,7,2,5605
2,204,35,2,3,1,6,3,1,5,2,3,13,3,3,10,8,0,7295
2,205,53,2,3,6,6,2,1,1,3,3,20,4,3,7,7,4,2306
2,206,45,2,1,9,3,2,1,2,2,2,18,3,2,17,9,0,2348
2,207,32,3,3,8,6,2,2,5,4,1,14,3,2,9,8,3,8998
2,208,29,1,1,1,1,4,1,6,3,3,13,3,1,10,7,0,4319
2,211,51,2,1,7,4,2,1,6,3,3,17,3,2,1,0,0,6132
2,214,58,2,1,9,4,2,2,3,2,3,20,4,3,1,0,0,3346
2,215,40,2,3,4,6,3,1,5,4,3,11,3,2,12,11,2,10855
2,216,34,3,3,2,6,3,2,1,3,3,18,3,3,4,3,1,2231
2,217,22,2,1,19,4,3,1,3,4,3,24,4,6,2,2,2,2323
2,218,27,1,1,9,4,4,1,3,2,2,18,3,1,2,2,2,2024
2,221,28,2,1,21,4,3,1,3,4,3,11,3,2,5,2,0,2713
2,223,57,2,1,24,3,3,1,7,4,2,16,3,2,5,3,1,9439
2,224,27,1,1,3,4,3,1,3,3,2,15,3,2,1,1,0,2566
2,226,50,2,1,11,3,3,2,9,2,1,15,3,5,5,4,4,19926
2,227,41,2,1,14,3,1,1,3,3,2,12,3,2,9,8,1,2451
2,228,30,2,3,5,3,2,2,5,4,3,12,3,2,10,9,7,9419
2,230,38,2,3,1,3,1,2,5,4,1,22,4,2,8,3,0,8686
2,231,32,2,1,6,3,3,1,3,3,1,20,4,2,5,4,1,3038
2,233,27,2,1,17,1,3,1,3,2,3,16,3,3,5,2,1,3058
1,235,19,3,3,1,1,3,2,1,1,1,21,4,5,0,0,0,2325
2,238,36,3,1,3,4,4,1,2,2,1,12,3,3,8,7,7,2088
2,239,30,1,1,9,4,3,1,2,1,2,11,3,4,12,9,6,3072
2,240,45,2,3,4,3,3,2,5,1,2,11,3,3,5,4,0,5006
2,241,56,2,1,8,3,3,2,3,1,2,18,3,3,2,2,2,4257
2,242,33,2,1,2,3,3,1,3,4,1,14,3,2,3,1,0,2500
1,243,19,2,1,2,3,2,1,2,4,1,22,4,3,1,0,1,1102
2,244,46,2,3,1,6,2,2,5,1,2,25,4,2,24,13,15,10453
2,245,38,2,1,9,3,3,2,2,4,1,12,3,3,2,2,2,2288
2,246,31,2,1,12,4,3,2,3,4,3,23,4,0,4,2,0,3929
2,247,34,2,1,27,4,4,2,3,2,1,15,3,3,3,2,1,2311
1,248,41,2,3,20,6,2,2,1,2,1,22,4,5,4,3,0,3140
2,249,50,2,1,1,4,3,1,2,3,3,15,3,2,3,2,0,3690
2,250,53,2,1,13,4,4,2,6,1,2,11,3,3,4,2,1,4450
2,252,33,2,1,14,4,4,2,3,2,3,13,3,5,8,7,1,2756
2,253,40,2,1,4,4,4,2,9,3,3,14,3,2,20,8,9,19033
2,254,55,2,1,14,4,3,1,8,2,1,11,3,3,24,15,2,18722
2,256,34,3,1,2,3,4,1,6,3,3,17,3,2,10,9,1,9547
2,258,51,2,1,3,4,4,2,7,2,1,18,3,6,7,7,1,13734
2,259,52,2,1,1,3,3,1,9,3,3,14,3,5,33,18,11,19999
2,260,27,2,1,9,4,4,2,3,2,1,16,3,2,7,7,0,2279
1,261,35,2,1,23,3,2,1,6,3,3,13,3,1,1,0,0,5916
2,262,43,1,1,7,4,4,1,3,4,2,14,3,3,5,4,2,2089
2,264,45,1,1,2,4,1,1,9,4,3,23,4,1,20,8,11,16792
2,267,37,2,1,21,3,2,1,3,1,3,12,3,3,8,7,1,3564
2,269,35,3,1,2,4,2,2,2,2,1,11,3,5,6,2,1,4425
2,270,42,1,1,21,4,3,2,6,3,2,16,3,5,5,3,0,5265
2,271,38,2,1,2,3,4,1,6,3,3,14,3,3,1,0,0,6553
2,273,38,2,1,29,1,4,1,6,4,3,18,3,3,7,7,1,6261
2,274,27,3,1,1,1,3,1,6,1,3,19,3,1,2,2,2,4298
2,275,49,1,1,18,3,4,1,6,4,2,15,3,0,7,7,1,6804
2,277,34,3,1,10,4,4,1,3,3,2,17,3,4,5,3,2,3815
2,281,40,2,1,19,4,3,1,2,4,3,15,3,2,7,2,3,2741
1,282,38,2,1,29,4,2,1,7,1,3,19,3,2,1,0,0,6673
1,283,29,2,3,27,6,2,2,5,4,3,22,4,3,10,4,1,7639
2,284,22,2,1,5,3,4,1,3,2,2,16,3,2,4,2,2,2328
2,286,36,3,1,18,4,2,2,2,4,1,13,3,2,8,1,1,2153
2,287,40,1,1,9,3,4,1,7,4,3,14,3,5,3,2,0,4876
2,288,46,2,1,1,4,4,1,7,1,2,16,3,3,4,2,0,9396
1,291,32,2,3,4,4,4,1,5,4,3,11,3,2,14,8,9,10400
2,292,30,1,1,1,3,3,1,6,3,1,22,4,2,11,8,5,8474
2,293,27,3,3,20,3,4,2,5,3,1,14,3,2,7,7,0,9981
2,296,51,2,1,8,3,2,1,8,2,3,16,3,5,10,9,4,12490
1,297,30,2,1,3,1,4,2,3,1,1,11,3,5,5,2,0,2657
2,298,41,2,3,6,3,4,2,9,4,1,18,3,3,1,0,0,13591
1,299,30,3,3,26,6,3,2,5,1,1,15,3,5,6,3,0,6696
1,300,29,2,1,1,1,3,1,3,3,1,14,3,1,6,2,1,2058
2,302,45,1,3,6,4,4,2,5,4,1,12,3,2,19,7,12,8865
2,303,54,2,3,3,6,4,2,5,1,3,14,3,4,6,2,0,5940
2,304,36,2,1,5,3,4,1,2,2,1,16,3,3,13,11,3,5914
2,305,33,2,1,4,4,3,2,3,2,3,21,4,3,3,2,1,2622
2,306,37,3,1,11,2,2,1,8,4,2,14,3,1,10,8,0,12185
2,307,38,2,3,3,3,1,1,5,3,2,12,3,6,16,10,5,10609
2,308,31,1,1,1,4,3,1,6,3,3,12,3,2,5,4,1,4345
2,309,59,2,1,3,3,3,1,3,4,3,17,3,6,1,0,0,2177
2,311,37,3,3,4,6,1,1,1,4,2,17,3,2,9,8,5,2793
2,312,29,3,3,1,4,2,2,5,4,3,14,3,5,11,10,4,7918
2,314,35,3,3,1,6,3,2,5,3,1,14,3,3,10,7,0,8789
1,315,29,2,1,18,4,3,1,3,4,1,13,3,3,4,3,0,2389
2,316,52,2,1,2,3,3,2,2,4,1,15,3,3,2,2,2,3212
2,319,42,2,1,4,1,3,1,9,4,3,11,3,3,22,17,11,19232
2,321,59,2,2,6,4,2,1,4,3,3,17,3,2,2,2,2,2267
2,323,50,2,3,1,4,4,2,9,4,2,11,3,3,7,0,0,19517
1,325,33,2,1,14,4,3,1,2,4,3,13,3,2,5,4,0,2436
2,327,43,2,3,16,6,4,2,9,4,3,22,4,3,17,13,1,16064
1,328,33,2,1,2,3,1,2,2,1,3,20,4,3,9,7,1,2707
2,329,52,1,3,2,3,1,1,9,3,1,18,3,2,33,7,15,19068
2,330,32,2,3,4,3,3,2,1,2,3,11,3,5,4,3,1,3931
1,331,32,2,1,1,3,4,1,2,3,1,14,3,2,3,2,1,3730
2,332,39,2,1,1,4,3,2,2,3,2,14,3,1,3,2,1,2232
2,333,32,1,3,26,6,3,1,5,4,3,18,3,2,3,2,2,4465
2,334,41,2,1,19,3,3,1,3,1,2,16,3,2,1,0,0,3072
2,335,40,2,1,24,1,1,1,3,4,2,17,3,3,9,8,4,3319
2,336,45,2,1,1,2,3,1,9,4,3,11,3,2,24,0,1,19202
2,337,31,3,1,3,4,2,1,8,3,2,12,3,3,2,2,2,13675
2,338,33,2,1,5,3,3,2,3,4,3,13,3,2,2,2,0,2911
2,339,34,2,1,2,3,4,1,6,1,3,13,3,3,11,9,5,5957
2,340,37,2,1,1,4,3,2,3,1,3,14,3,2,3,1,0,3920
2,341,45,3,1,7,3,1,1,6,3,3,17,3,1,3,2,0,6434
1,342,37,3,1,10,4,1,1,6,3,2,11,3,5,1,0,0,10048
2,343,39,3,1,2,1,3,2,7,3,1,25,4,1,19,6,11,10938
2,346,29,2,1,15,3,3,1,3,4,1,19,3,1,6,5,1,2340
2,347,42,2,1,17,3,4,2,3,1,1,13,3,1,3,2,0,6545
2,349,29,2,3,20,6,4,1,5,4,2,14,3,2,3,2,0,6931
2,350,25,2,1,1,3,1,2,6,3,3,12,3,3,4,2,1,4898
2,351,42,2,1,2,4,4,2,2,1,2,11,3,4,9,6,7,2593
2,352,40,2,1,2,4,1,1,8,3,2,19,3,5,21,7,3,19436
2,353,51,2,1,1,3,3,1,3,4,3,11,3,0,1,0,0,2723
1,355,31,3,1,29,4,3,1,2,2,1,11,3,2,5,4,1,3479
2,359,32,3,1,7,3,2,1,2,2,3,20,4,3,5,1,0,2794
2,361,38,1,3,2,3,4,1,5,4,3,18,3,0,8,7,7,5249
2,362,32,2,1,2,1,4,1,2,1,1,13,3,5,6,2,0,2176
2,363,46,2,3,2,1,3,2,9,2,3,12,3,2,7,7,7,16872
1,364,28,2,1,2,3,1,1,2,3,1,11,3,5,0,0,0,3485
2,366,29,2,3,2,4,1,1,5,2,3,19,3,2,0,0,0,6644
2,367,31,2,1,23,4,2,1,7,4,3,21,4,2,9,0,7,5582
2,369,25,1,1,5,3,2,1,7,1,2,12,3,2,6,3,1,4000
2,372,45,2,1,20,4,3,1,7,4,3,14,3,2,20,7,4,13496
2,373,36,2,1,6,3,4,1,2,4,3,11,3,4,15,13,10,3210
2,374,55,2,1,1,4,4,1,9,1,1,14,3,2,36,10,4,19045
1,376,47,1,1,29,3,1,1,9,2,3,12,3,2,10,7,9,11849
2,377,28,2,1,9,4,4,1,3,4,3,23,4,3,5,2,0,2070
2,378,37,2,3,6,4,3,1,5,4,3,14,3,5,5,4,0,6502
2,379,21,2,1,3,4,4,1,3,3,1,17,3,4,3,2,1,3230
2,380,37,1,1,1,4,1,2,8,4,2,18,3,2,5,2,0,13603
2,381,35,2,1,22,3,2,2,9,2,2,18,3,6,7,7,6,11996
2,382,38,2,3,7,4,1,2,5,1,2,24,4,3,8,0,7,5605
2,384,26,3,1,1,3,3,2,6,2,2,20,4,6,6,5,1,6397
2,385,50,2,1,4,3,1,1,8,2,2,14,3,4,10,4,1,19144
2,386,53,2,1,3,4,3,1,8,3,3,16,3,5,5,3,1,17584
2,387,42,2,3,1,3,2,1,5,3,3,25,4,3,20,16,11,4907
2,388,29,3,3,2,3,2,1,5,4,1,18,3,3,10,7,0,4554
2,389,55,2,1,20,1,2,1,2,4,3,19,3,4,10,7,0,5415
2,390,26,3,1,11,4,1,1,7,1,3,13,3,3,5,3,3,4741
2,391,37,2,1,1,3,4,2,3,4,1,12,3,3,17,12,5,2115
1,392,44,3,1,24,3,4,1,2,3,2,22,4,0,1,0,0,3161
2,393,38,2,1,23,3,4,1,7,4,2,14,3,2,2,2,1,5745
1,394,26,2,1,16,4,1,1,2,2,2,13,3,2,3,2,0,2373
2,395,28,2,1,8,3,4,2,3,4,1,21,4,3,5,3,0,3310
2,396,49,3,1,10,3,3,2,8,1,1,11,3,4,3,2,1,18665
2,397,36,2,1,3,1,3,1,3,2,1,12,3,2,8,0,7,4485
2,399,31,3,3,5,6,4,2,1,2,2,11,3,5,2,2,2,2789
1,401,26,2,3,4,6,4,1,5,4,1,12,3,0,8,7,7,5828
2,403,37,3,1,9,4,2,1,3,4,3,12,3,3,4,2,1,2326
2,404,42,3,3,26,6,3,2,5,2,3,14,3,2,20,4,4,13525
1,405,18,2,1,3,3,3,1,2,3,1,13,3,2,0,0,0,1420
2,406,35,2,3,16,6,3,1,5,2,3,15,3,3,11,9,6,8020
2,407,36,3,1,18,3,3,1,2,4,3,18,3,2,1,0,0,3688
2,408,51,2,1,2,4,4,1,6,2,2,18,3,3,4,1,1,5482
2,410,41,2,3,2,3,4,1,9,2,1,19,3,2,22,10,0,16015
2,411,18,2,3,10,4,4,2,1,3,1,12,3,2,0,0,0,1200
2,412,28,2,1,16,4,2,1,7,1,1,19,3,2,8,3,0,5661
2,416,31,2,3,7,1,2,1,5,4,3,11,3,3,8,7,7,6929
2,417,39,2,1,1,4,3,1,7,4,2,17,3,5,18,10,3,9613
2,419,36,1,1,24,3,2,2,2,2,3,15,3,3,9,8,0,5674
2,420,32,2,3,7,3,4,1,5,3,3,14,3,3,13,8,4,5484
2,421,38,2,1,25,3,1,2,8,2,3,17,3,2,10,8,0,12061
2,422,58,1,1,1,3,4,1,7,3,2,13,3,2,5,3,1,5660
2,423,31,2,1,5,1,3,1,3,4,3,12,3,4,5,2,0,4821
2,424,31,2,2,2,5,1,1,4,1,3,12,3,1,2,2,1,6410
2,425,45,3,1,7,3,1,1,2,1,2,18,3,2,24,9,9,5210
2,426,31,2,1,2,3,3,1,3,4,2,18,3,2,2,2,2,2695
2,428,33,3,1,5,3,4,2,9,2,3,11,3,2,10,6,8,11878
2,429,39,2,1,10,4,3,1,9,1,3,14,3,3,21,9,11,17068
2,430,43,3,1,10,3,3,2,2,4,1,19,3,5,8,7,1,2455
2,431,49,2,1,1,1,3,2,7,3,1,12,3,2,7,1,0,13964
1,433,52,2,1,8,4,3,1,3,2,3,15,3,3,8,2,7,4941
2,434,27,2,1,5,3,3,2,3,2,1,12,3,2,4,3,1,2478
2,436,32,2,3,8,1,3,2,5,2,3,11,3,2,13,12,11,5228
2,437,27,2,3,2,3,4,1,5,3,1,11,3,3,5,4,0,4478
2,438,31,2,3,7,6,4,1,5,4,2,12,3,3,7,7,1,7547
2,439,32,2,1,2,4,1,2,3,4,1,16,3,0,7,7,0,5055
1,440,28,2,1,2,4,1,1,3,4,3,13,3,4,3,2,2,3464
2,441,30,2,1,28,4,4,2,3,4,3,13,3,2,10,8,1,5775
2,442,31,3,1,7,3,3,2,6,3,3,24,4,2,10,9,8,8943
2,444,39,3,1,7,4,3,1,9,4,3,15,3,2,21,9,13,19272
1,445,39,2,3,3,4,4,2,5,3,3,18,3,3,1,0,0,5238
2,446,33,3,3,10,6,2,1,5,4,1,14,3,6,7,7,0,4682
2,447,47,2,1,5,3,4,1,8,3,3,11,3,2,3,2,1,18300
2,448,43,3,1,10,3,3,2,2,3,2,11,3,3,9,7,0,5257
2,449,27,1,3,1,6,3,1,5,2,3,13,3,0,5,4,1,6349
2,450,54,3,1,20,3,4,2,3,3,1,12,3,4,4,3,0,4869
2,451,43,2,1,7,3,3,2,7,1,3,16,3,1,1,0,0,9985
2,452,45,2,1,8,2,4,1,3,4,3,14,3,3,10,9,9,3697
2,453,40,2,3,1,4,2,1,5,4,3,22,4,2,4,3,0,7457
1,454,29,2,1,8,2,2,1,2,1,3,11,3,4,7,7,0,2119
2,455,29,2,1,9,2,2,1,2,4,1,17,3,2,3,2,2,3983
2,456,30,2,3,5,6,4,2,5,3,2,13,3,2,10,9,1,6118
2,458,27,2,3,8,6,2,2,5,2,3,18,3,3,8,7,0,6214
2,460,37,2,1,5,4,4,1,6,4,2,16,3,2,6,2,0,6347
2,461,38,2,1,15,3,3,1,8,4,2,14,3,3,11,10,2,11510
2,462,31,2,1,7,4,3,2,6,4,1,14,3,2,11,9,4,7143
2,463,29,2,3,10,6,4,2,5,2,2,14,3,2,7,7,1,8268
2,464,35,2,1,5,1,3,1,6,2,1,13,3,5,16,6,0,8095
2,465,23,2,1,26,3,3,1,3,4,2,12,3,2,4,2,0,2904
2,466,41,2,1,6,4,4,1,6,2,1,15,3,3,5,4,1,6032
2,467,47,3,3,4,4,2,1,1,3,1,19,3,3,0,0,0,2976
2,468,42,2,1,23,3,1,2,8,4,1,14,3,2,1,0,0,15992
2,469,29,1,3,2,3,4,1,5,3,3,14,3,3,4,3,0,4649
2,470,42,2,2,2,1,3,1,4,3,2,11,3,5,3,2,1,2696
2,471,32,2,1,2,4,3,2,2,2,3,13,3,4,8,0,0,2370
2,473,48,2,3,29,4,1,2,9,3,3,21,4,3,0,0,0,12504
2,474,37,2,1,6,4,3,1,3,1,2,13,3,2,7,7,6,5974
2,475,30,1,3,25,1,4,2,5,3,3,12,3,2,2,2,2,4736
2,476,26,2,3,1,3,3,1,5,3,3,17,3,3,8,7,7,5296
2,477,42,2,1,2,2,1,1,7,4,1,23,4,6,1,0,0,6781
1,478,21,3,3,1,1,1,2,1,2,1,11,3,3,3,2,1,2174
2,479,36,1,3,1,4,4,2,5,4,1,15,3,6,1,0,0,6653
2,481,36,3,3,3,4,1,1,5,4,3,11,3,2,13,9,1,9699
2,482,57,2,1,1,4,4,1,7,3,3,11,3,2,3,2,1,6755
2,483,40,2,1,10,3,4,2,2,3,3,13,3,3,7,7,1,2213
2,484,21,1,3,9,4,1,1,1,4,1,24,4,3,3,2,2,2610
1,485,33,2,3,5,6,4,2,1,3,1,13,3,2,1,0,0,2851
2,486,37,2,1,10,4,3,2,2,1,3,20,4,3,5,4,0,3452
2,487,46,1,1,7,4,3,2,6,3,3,14,3,2,1,0,0,5258
1,488,41,3,3,4,6,1,1,5,2,1,18,3,5,8,7,7,9355
2,491,50,2,1,10,1,4,1,7,4,1,15,3,2,4,3,1,10496
1,492,40,2,3,22,6,3,1,5,3,3,12,3,6,6,4,1,6380
2,493,31,2,1,9,3,3,1,3,2,1,16,3,5,2,2,2,2657
1,494,21,2,3,12,3,3,2,1,2,1,15,3,0,1,0,0,2716
2,495,29,2,1,23,3,4,1,3,4,1,16,3,4,3,2,1,2201
2,496,35,2,1,9,3,3,1,7,2,1,19,3,5,1,1,0,6540
2,497,27,2,1,1,4,4,1,2,2,2,11,3,2,5,2,0,3816
2,498,28,2,3,9,3,2,1,5,4,1,16,3,1,7,5,0,5253
2,499,49,2,1,7,2,2,1,7,3,1,24,4,2,5,2,0,10965
2,500,51,2,3,14,3,3,2,5,4,3,11,3,2,7,7,0,4936
2,501,36,2,1,2,3,4,2,3,3,3,13,3,3,2,2,2,2543
1,502,34,1,3,19,6,1,1,5,4,1,13,3,3,5,2,0,5304
2,505,55,2,1,2,3,3,2,9,4,1,13,3,2,5,4,1,16659
2,507,24,2,3,10,6,4,2,5,3,2,12,3,2,5,2,0,4260
2,508,30,2,3,2,1,3,1,1,2,3,18,3,3,1,0,0,2476
1,510,26,3,1,3,1,3,1,3,1,1,22,4,2,6,4,0,3102
2,511,22,2,1,11,4,1,2,3,2,3,13,3,1,2,1,1,2244
2,513,36,2,3,2,4,2,1,5,3,3,13,3,2,10,9,9,7596
1,514,30,3,1,4,1,3,1,3,4,1,23,4,4,1,0,0,2285
2,515,37,2,1,14,3,4,2,2,1,2,12,3,2,18,7,12,3034
2,516,40,2,3,2,6,4,2,5,2,2,12,3,5,5,4,1,5715
2,517,42,2,1,1,3,2,2,2,1,2,16,3,5,5,2,1,2576
2,518,37,2,1,10,3,3,1,6,2,1,12,3,2,1,0,0,4197
2,520,43,2,1,12,3,1,1,8,2,2,11,3,3,25,10,3,14336
2,521,40,2,1,2,4,2,2,2,3,3,22,4,3,1,0,0,3448
2,522,54,2,1,5,4,1,1,8,1,3,11,3,4,4,2,1,19406
2,523,34,1,3,4,6,3,2,5,3,3,15,3,3,3,2,1,6538
2,524,31,2,1,7,4,2,2,6,1,3,12,3,5,13,10,3,4306
2,525,43,3,1,21,4,4,1,2,4,3,20,4,1,3,2,1,2258
2,526,43,2,1,8,2,3,2,7,3,2,14,3,3,5,2,0,4522
2,527,25,2,3,4,3,2,2,5,4,1,11,3,3,5,4,1,4487
2,529,37,1,1,25,4,2,2,3,3,3,15,3,2,13,11,10,4449
2,530,31,2,1,1,3,4,1,2,1,3,12,3,3,4,2,3,2218
2,531,39,3,1,1,3,2,1,9,3,2,14,3,3,21,8,1,19197
2,532,56,3,3,6,3,3,2,5,1,3,11,3,0,7,7,7,13212
2,533,30,2,3,12,1,2,2,5,3,1,11,3,6,5,4,4,6577
2,534,41,2,3,1,6,2,1,5,1,3,16,3,2,10,7,0,8392
2,536,28,2,1,17,4,3,1,2,1,2,12,3,2,10,0,1,4558
1,538,25,2,1,3,4,1,1,2,1,3,13,3,5,2,2,0,4031
2,543,52,2,1,3,4,4,1,6,3,3,14,3,4,5,4,0,7969
2,544,45,2,1,10,3,1,1,3,4,3,21,4,3,2,2,0,2654
2,546,52,2,1,4,3,4,2,9,4,3,13,3,2,5,2,1,16555
2,547,42,3,1,29,3,1,2,3,3,2,11,3,3,5,4,0,4556
2,548,30,2,1,2,3,3,2,6,4,1,20,4,2,5,4,0,6091
2,549,60,2,1,7,3,1,2,9,1,3,11,3,5,29,8,11,19566
2,550,46,2,1,18,4,3,2,6,3,2,14,3,5,10,7,0,4810
2,551,42,3,1,28,1,4,2,7,4,3,11,3,4,6,5,0,4523
1,554,24,2,3,1,1,1,2,1,2,1,16,3,4,5,3,1,3202
1,555,34,3,3,6,6,4,2,1,3,2,16,3,3,2,2,1,2351
2,556,38,3,1,2,3,4,1,2,4,3,23,4,3,1,0,0,1702
2,558,40,2,3,2,3,3,2,9,3,3,14,3,2,20,15,1,18041
2,560,26,2,1,23,3,1,2,3,4,2,22,4,3,3,2,0,2886
2,562,30,1,1,3,3,3,1,2,4,3,15,3,3,5,3,1,2097
2,564,29,2,1,3,4,2,1,8,3,3,18,3,2,10,2,0,11935
1,565,29,2,1,25,1,3,2,3,2,3,16,3,2,2,2,1,2546
1,566,19,2,2,2,1,1,1,4,4,1,12,3,3,1,0,0,2564
2,567,30,1,3,22,2,3,2,5,1,3,11,3,3,9,8,7,8412
2,568,57,2,3,29,6,1,1,9,4,2,12,3,3,1,0,0,14118
2,569,50,2,1,29,3,2,1,9,3,3,15,3,2,27,10,15,17046
2,571,30,1,1,2,4,3,2,2,4,1,14,3,2,11,7,6,2564
2,573,60,3,3,28,6,3,2,5,1,3,19,3,5,18,13,13,10266
2,574,47,2,1,2,4,1,2,6,4,2,13,3,2,5,0,0,5070
2,575,46,2,1,2,3,1,1,8,3,3,13,3,2,3,2,0,17861
2,577,35,2,1,22,3,4,1,2,3,1,15,3,2,5,4,4,4230
2,578,54,2,1,8,3,3,2,2,3,1,11,3,3,1,0,0,3780
2,579,34,2,1,2,3,4,1,3,3,2,12,3,3,7,3,5,2768
2,580,46,2,3,10,6,3,2,5,4,3,19,3,3,3,2,1,9071
2,581,31,2,1,9,3,3,1,6,2,2,25,4,6,13,8,0,10648
1,582,33,2,1,15,4,2,1,9,3,3,12,3,2,7,6,7,13610
1,584,33,2,1,10,4,1,1,2,4,2,13,3,2,4,3,1,3408
2,585,30,2,3,7,6,4,1,1,2,1,14,3,3,3,2,1,2983
2,586,35,2,1,16,3,4,1,7,3,3,12,3,2,8,7,0,7632
1,587,31,3,1,20,3,1,1,7,3,3,12,3,2,1,0,0,9824
1,590,34,3,2,23,5,2,2,4,1,2,15,3,2,3,2,0,9950
2,591,42,3,1,5,2,2,1,2,3,3,17,3,4,2,2,2,2093
2,592,36,1,3,10,4,2,1,5,4,1,14,3,3,10,3,9,9980
1,593,22,3,1,4,1,3,1,2,3,1,16,3,3,2,2,1,3894
2,595,48,2,3,2,6,2,2,5,4,3,14,3,2,9,7,6,4051
2,597,55,2,3,18,3,1,2,9,2,1,23,4,2,10,9,7,16835
2,599,41,1,3,10,3,4,1,5,4,1,14,3,3,14,3,1,6230
2,600,35,2,3,1,6,2,1,5,3,3,11,3,2,11,9,6,4717
2,601,40,2,1,6,3,2,2,6,3,1,15,3,3,20,6,5,13237
2,602,39,3,1,8,3,3,2,2,3,3,11,3,3,8,3,0,3755
2,604,31,2,3,2,3,2,1,5,4,1,13,3,2,6,5,0,6582
2,605,42,2,1,24,4,4,1,6,1,3,21,4,5,10,9,5,7406
2,606,45,2,3,2,2,4,1,5,2,3,19,3,3,8,7,3,4805
1,608,26,3,2,17,3,2,2,4,3,2,11,3,2,7,7,1,2741
2,611,29,2,1,19,1,4,1,6,4,2,12,3,2,3,2,1,4262
2,612,33,2,1,1,4,1,2,8,3,2,19,3,2,6,1,0,16184
2,613,31,2,3,7,3,3,1,9,4,2,21,4,3,5,4,0,11557
1,614,18,3,3,5,6,2,1,1,2,1,14,3,3,0,0,0,1878
2,615,40,1,3,28,2,3,1,5,1,2,15,3,2,1,0,0,10932
2,616,41,1,1,2,2,1,2,7,3,1,17,3,3,8,7,0,6811
2,618,26,2,3,29,4,1,1,5,3,2,12,3,5,0,0,0,4306
2,620,35,2,3,1,4,1,2,5,3,1,16,3,3,5,4,0,4859
2,621,34,2,3,21,3,4,1,5,4,1,12,3,3,10,7,5,5337
1,622,26,2,1,24,1,3,1,2,4,1,18,3,3,1,0,0,2340
2,623,37,2,1,1,1,2,2,6,4,1,17,3,3,6,5,1,7491
2,624,46,3,1,18,4,1,2,7,3,3,11,3,3,2,2,1,10527
2,625,41,2,3,2,3,2,2,9,1,3,16,3,2,18,16,11,16595
2,626,37,1,3,9,4,1,1,5,2,2,13,3,6,9,5,7,8834
2,630,52,2,1,6,1,4,1,3,1,2,12,3,3,10,9,6,5577
1,631,32,1,3,11,2,4,1,5,3,3,12,3,2,4,2,1,4707
2,632,24,3,3,24,4,4,1,1,4,3,13,3,3,2,2,2,2400
2,634,38,2,1,10,4,3,2,7,3,3,19,3,4,1,0,0,9824
2,635,37,2,1,1,3,2,2,6,2,3,12,3,2,6,5,4,6447
2,638,49,2,1,18,3,4,1,8,3,2,17,3,5,31,9,0,19502
2,639,24,2,1,23,4,2,1,3,4,3,11,3,3,6,5,1,2725
2,641,26,2,3,28,6,1,1,5,2,3,20,4,5,5,3,1,6272
2,643,24,2,1,17,2,4,1,2,2,3,21,4,2,1,0,0,2127
2,644,50,3,2,3,4,1,1,9,2,3,11,3,2,32,5,10,18200
2,645,25,2,3,13,4,2,1,1,3,3,11,3,1,7,4,0,2096
1,647,24,3,1,7,3,1,2,2,3,3,16,3,4,6,3,1,2886
1,648,30,3,3,12,3,2,1,1,1,3,18,3,2,1,0,0,2033
2,649,34,2,1,1,3,2,1,3,4,3,13,3,3,6,5,1,3622
1,650,31,2,3,13,4,2,1,5,1,2,17,3,2,3,1,1,4233
2,652,35,2,1,25,2,1,1,2,4,1,14,3,3,3,2,0,3681
2,653,31,2,3,6,4,1,1,5,4,2,22,4,4,7,7,5,5460
2,655,27,2,1,6,4,1,2,3,3,2,12,3,5,5,3,0,2187
2,656,37,2,3,2,6,4,1,5,3,3,11,3,3,3,0,1,9602
2,657,20,2,1,1,3,4,2,3,2,1,13,3,0,1,0,0,2836
2,659,42,2,1,2,3,3,2,7,4,3,13,3,4,10,2,2,4089
2,661,43,2,1,6,2,2,1,8,4,2,14,3,3,1,0,0,16627
2,662,38,2,1,1,3,3,2,3,1,1,17,3,3,0,0,0,2619
2,663,43,3,1,9,4,4,1,2,3,2,13,3,3,8,7,4,5679
2,664,48,2,1,1,3,4,2,9,1,3,11,3,3,3,2,0,15402
2,665,44,2,2,1,3,1,2,4,3,1,11,3,1,2,2,0,5985
2,666,34,2,3,14,1,3,2,1,3,2,18,3,3,8,2,0,2579
1,667,27,2,3,2,6,3,1,1,1,2,11,3,3,4,3,0,3041
2,669,21,2,3,22,1,3,1,1,3,1,11,3,2,3,2,1,3447
2,671,44,2,1,3,2,4,1,9,4,3,12,3,2,2,2,0,19513
2,675,22,2,1,6,4,1,1,3,3,3,20,4,3,2,2,2,2773
2,677,33,2,3,8,6,3,1,5,3,2,12,3,3,5,0,1,7104
2,679,32,2,1,9,3,1,2,3,4,3,12,3,2,6,4,0,6322
2,680,30,3,1,3,4,3,2,3,3,2,20,4,2,1,0,0,2083
2,682,53,2,3,1,4,4,2,5,1,1,20,4,2,14,7,8,8381
2,683,34,2,1,1,3,2,1,3,4,3,12,3,4,10,9,8,2691
1,684,45,3,3,26,3,1,2,5,1,3,14,3,4,1,1,0,4286
2,686,26,2,1,6,3,3,2,2,4,3,13,3,2,3,2,0,2659
2,689,37,2,1,3,2,3,1,6,3,3,15,3,2,10,7,7,9434
2,690,29,2,3,3,4,2,2,5,3,3,14,3,5,6,0,1,5561
2,691,35,2,1,6,3,2,1,3,4,1,13,3,3,17,11,11,6646
2,692,33,3,1,6,3,3,1,7,4,2,23,4,2,13,11,4,7725
2,698,54,2,2,19,4,3,1,4,2,3,15,3,1,9,7,7,10725
2,699,36,2,1,9,4,2,1,6,2,2,11,3,2,3,2,0,8847
2,700,27,2,1,3,4,1,1,3,4,1,13,3,0,4,2,1,2045
1,701,20,2,1,10,4,4,1,3,3,1,11,3,5,1,0,1,1009
1,702,33,3,1,3,3,1,1,3,1,1,11,3,3,10,8,9,3348
2,704,35,1,1,3,3,3,1,2,3,3,18,3,3,1,0,0,1281
2,705,23,2,1,4,4,1,1,3,1,3,16,3,3,3,2,0,2819
2,707,25,2,3,8,3,4,1,5,2,3,22,4,4,3,2,1,4851
2,709,38,2,3,7,6,4,2,5,4,1,20,4,2,7,7,0,4028
2,710,29,3,1,1,3,2,1,3,4,2,18,3,5,10,7,2,2720
2,712,48,2,3,2,6,2,1,5,2,3,12,3,3,2,2,2,8120
2,714,27,3,3,3,4,4,2,5,4,2,20,4,3,6,5,0,4647
2,715,37,2,1,10,3,4,1,3,4,1,17,3,2,1,0,0,4680
2,716,50,2,1,28,4,4,1,2,3,3,11,3,3,20,8,3,3221
2,717,34,2,1,9,4,4,2,7,2,1,14,3,3,8,7,7,8621
1,720,24,2,3,3,3,1,2,5,3,1,14,3,3,2,2,2,4577
2,721,39,2,1,2,1,4,2,7,3,1,11,3,4,20,7,11,4553
2,722,32,2,3,10,6,4,1,5,4,1,12,3,2,10,7,0,5396
1,723,50,3,3,8,1,2,1,5,3,3,14,3,4,4,3,1,6796
2,724,38,2,1,1,3,2,2,7,4,1,13,3,4,9,7,1,7625
2,725,27,2,1,1,3,3,2,6,1,3,11,3,3,9,7,0,7412
2,727,32,2,1,3,3,3,2,8,4,1,15,3,6,7,7,7,11159
2,728,47,2,3,14,6,4,1,5,1,1,12,3,2,7,7,1,4960
2,729,40,3,3,5,3,4,1,5,1,3,21,4,2,18,13,1,10475
2,730,53,2,1,7,3,3,1,8,3,3,19,3,3,5,1,1,14814
2,731,41,2,2,10,5,2,1,9,4,2,15,3,2,21,6,12,19141
2,732,60,2,3,16,6,1,1,5,1,1,14,3,1,2,2,2,5405
2,733,27,3,1,10,3,4,1,6,1,2,21,4,4,9,7,1,8793
2,734,41,2,2,1,5,4,1,9,3,3,12,3,3,22,7,2,19189
2,738,50,2,3,8,6,4,1,1,2,3,15,3,2,2,2,2,3875
1,741,28,2,1,1,3,1,2,3,2,1,13,3,4,7,7,3,2216
2,742,36,1,1,8,3,1,2,8,1,3,14,3,2,8,7,0,11713
2,743,38,2,1,1,3,3,2,6,3,1,14,3,4,1,0,0,7861
2,744,44,1,1,24,4,1,1,2,3,1,14,3,5,5,2,1,3708
2,746,47,3,3,3,4,4,2,5,3,2,12,3,2,22,2,11,13770
2,747,30,2,3,27,6,3,1,5,4,2,23,4,2,8,7,7,5304
2,749,29,2,3,10,3,3,1,1,3,1,11,3,6,1,0,0,2642
1,752,42,3,1,19,4,3,1,3,3,2,12,3,2,2,2,2,2759
2,754,43,3,3,15,3,4,1,5,4,3,18,3,5,2,2,2,6804
2,757,34,2,1,8,4,2,2,7,3,1,11,3,2,5,1,4,6142
2,758,23,2,1,9,4,2,1,2,1,3,14,3,2,4,3,0,2500
2,760,39,2,2,3,5,3,2,4,2,3,15,3,3,8,3,3,6389
2,762,56,2,1,9,4,3,1,7,4,3,11,3,1,10,7,1,11103
2,763,40,2,1,2,4,4,2,3,4,1,20,4,2,4,2,2,2342
2,764,27,2,1,7,4,4,2,7,1,1,19,3,2,7,6,0,6811
2,766,29,2,3,10,6,4,1,1,2,2,14,3,2,2,2,2,2297
2,769,53,2,1,6,3,4,1,2,4,1,17,3,4,2,2,2,2450
2,771,35,1,1,2,3,4,2,7,1,2,11,3,2,1,0,0,5093
2,772,32,3,1,24,3,1,1,2,4,3,15,3,2,10,8,4,5309
2,773,38,2,1,2,4,4,1,3,3,3,13,3,0,1,0,0,3057
2,775,34,2,1,8,3,2,2,6,1,2,14,3,3,0,0,0,5121
2,776,52,2,3,3,6,3,1,9,1,3,11,3,3,34,6,1,16856
1,780,33,2,1,1,2,4,1,3,4,1,13,3,2,10,9,7,2686
2,781,25,2,3,26,4,3,2,5,4,1,23,4,5,6,5,1,6180
2,783,45,2,3,2,1,2,1,1,3,1,13,3,3,8,7,3,6632
2,784,23,2,1,10,4,1,1,3,3,1,18,3,3,2,2,0,3505
1,785,47,3,3,27,3,2,2,5,3,1,12,3,2,5,4,1,6397
2,786,34,2,3,2,2,4,1,5,4,1,22,4,5,6,5,1,6274
1,787,55,2,1,2,4,4,1,9,1,3,13,3,2,5,2,1,19859
2,789,36,1,3,8,3,1,1,5,1,1,15,3,1,10,7,0,7587
2,791,52,1,1,19,4,4,1,3,4,3,18,3,3,4,3,1,4258
2,792,26,3,1,1,3,1,2,2,4,2,14,3,2,2,2,2,4364
2,793,29,2,1,27,4,2,2,7,3,3,12,3,3,8,7,1,4335
1,796,26,2,3,8,1,4,1,5,1,1,17,3,2,4,3,1,5326
2,797,34,2,1,1,3,2,2,3,4,1,16,3,2,4,2,1,3280
2,799,54,2,1,19,4,4,2,6,1,2,11,3,4,5,3,1,5485
2,800,27,3,3,8,6,3,1,5,4,3,19,3,3,4,2,1,4342
2,802,37,2,1,10,3,4,2,3,1,2,13,3,3,5,3,4,2782
2,803,38,3,1,2,3,1,2,6,1,1,12,3,2,15,7,4,5980
2,804,34,2,1,2,4,3,2,3,1,1,11,3,3,6,5,1,4381
2,805,35,2,3,8,3,1,2,1,4,3,16,3,1,3,2,0,2572
2,806,30,2,1,1,3,4,1,2,3,3,21,4,2,2,2,0,3833
2,807,40,3,1,2,4,3,2,7,2,3,24,4,2,8,7,3,4244
2,808,34,2,3,8,3,3,2,5,1,3,17,3,1,3,2,1,6500
2,809,42,3,1,8,3,2,1,9,4,2,13,3,4,24,7,14,18430
1,811,23,2,1,6,3,3,1,2,1,3,21,4,2,0,0,0,1601
2,812,24,1,1,9,3,3,1,2,2,2,11,3,4,1,0,0,2694
2,813,52,2,1,11,3,4,2,2,3,3,20,4,3,5,2,1,3149
2,815,50,2,1,2,4,3,1,8,3,3,16,3,3,4,3,0,17639
1,816,29,2,1,1,3,2,2,2,1,3,11,3,1,1,0,0,2319
2,817,33,2,1,7,4,3,1,8,3,3,11,3,3,13,9,3,11691
1,819,33,2,3,16,6,1,2,5,1,1,15,3,3,3,2,0,5324
2,820,47,2,1,2,2,3,2,9,4,3,11,3,3,26,14,3,16752
2,823,36,2,1,1,2,3,2,6,2,3,15,3,2,9,7,0,5228
2,824,29,2,1,23,3,3,1,3,3,3,24,4,3,10,7,0,2700
1,825,58,2,1,2,3,4,1,8,2,1,12,3,2,31,15,13,19246
2,826,35,2,1,1,3,4,2,3,3,1,13,3,0,2,2,2,2506
2,827,42,2,1,1,3,4,2,6,4,3,13,3,4,4,3,0,6062
1,828,28,2,1,2,4,3,1,3,3,1,17,3,3,2,2,2,4382
2,829,36,2,2,13,5,3,1,4,2,3,13,3,2,5,2,0,2143
2,830,32,2,1,4,3,3,2,6,3,3,12,3,3,14,13,6,6162
2,832,40,3,1,16,4,1,1,2,3,1,14,3,6,1,0,0,5094
2,833,30,2,1,2,4,3,2,6,4,1,24,4,4,0,0,0,6877
2,834,45,2,1,2,3,2,2,3,3,1,14,3,3,1,0,0,2274
2,836,42,2,1,29,3,2,1,6,2,3,13,3,3,9,8,7,4434
2,837,38,3,1,12,3,1,1,7,1,2,15,3,3,4,3,1,6288
2,838,34,3,1,16,3,3,2,3,4,1,16,3,3,5,2,1,2553
1,840,49,2,3,11,6,3,2,5,4,3,18,3,3,9,8,7,7654
1,842,55,2,3,2,4,3,1,5,4,1,16,3,3,9,7,7,5160
2,843,43,2,1,14,3,2,1,8,1,3,24,4,3,4,1,1,17159
2,844,27,2,1,5,1,3,1,8,4,2,16,3,3,9,8,0,12808
2,845,35,2,1,7,2,3,1,6,3,1,21,4,3,8,5,1,10221
2,846,28,2,3,2,6,2,2,5,2,3,20,4,2,8,7,7,4779
2,847,34,2,2,3,5,3,1,4,4,3,19,3,1,3,2,0,3737
1,848,26,3,1,5,4,3,2,3,3,3,14,3,2,8,7,1,2366
2,850,27,1,1,3,4,4,1,3,4,3,11,3,6,0,0,0,1706
2,851,51,2,3,26,6,1,2,9,3,3,14,3,2,20,6,4,16307
2,852,44,2,1,4,4,4,1,7,2,1,12,3,2,5,2,2,5933
2,854,25,2,1,2,4,1,1,3,1,1,13,3,3,4,3,0,3424
2,855,33,2,3,1,4,1,1,5,1,2,22,4,5,9,8,0,4037
2,856,35,2,1,27,4,3,2,3,1,1,11,3,3,6,5,1,2559
2,857,36,2,3,1,3,2,1,5,4,3,14,3,1,18,14,4,6201
2,859,32,2,3,13,3,2,1,5,4,2,11,3,3,5,2,0,4403
2,861,30,3,1,5,3,2,1,3,4,2,12,3,3,5,4,0,3761
2,862,53,2,3,7,6,1,2,5,4,3,18,3,3,5,2,0,10934
2,864,45,2,3,9,6,4,1,5,1,2,12,3,2,5,4,0,10761
2,865,32,2,1,8,4,3,2,3,3,3,12,3,3,5,3,1,5175
2,867,52,3,1,25,4,3,2,6,4,3,22,4,3,9,8,0,13826
2,868,37,2,3,16,6,4,1,5,3,2,19,3,2,1,0,0,6334
2,869,28,2,2,8,4,2,1,4,4,2,13,3,6,5,1,0,4936
2,872,22,2,1,1,3,4,1,6,4,3,22,4,2,2,2,2,4775
2,874,44,2,1,8,3,1,1,2,4,3,24,4,2,3,2,0,2818
2,875,42,3,1,2,4,2,1,3,4,1,14,3,2,2,1,2,2515
2,878,36,2,2,8,3,1,1,4,1,3,21,4,3,5,4,0,2342
2,879,25,2,3,3,2,3,1,5,1,3,18,3,3,5,3,0,4194
2,880,35,2,1,9,3,4,2,6,3,3,20,4,2,17,14,5,10685
1,881,35,3,1,25,3,4,2,3,2,2,19,3,3,10,2,7,2022
2,882,32,1,1,1,3,4,1,2,4,2,12,3,2,3,0,0,2314
2,885,25,2,3,4,6,3,1,5,1,3,12,3,1,5,2,0,4256
2,887,49,2,1,1,1,3,2,3,1,3,16,3,2,4,2,0,3580
2,888,24,1,1,4,3,1,1,2,4,3,17,3,2,5,2,3,3162
2,889,32,3,3,5,3,2,1,5,2,3,14,3,3,10,8,5,6524
2,893,38,2,3,9,6,2,1,1,2,3,19,3,3,2,2,1,2899
2,894,42,2,1,3,3,3,2,2,4,3,13,3,1,5,3,1,5231
2,895,31,2,1,11,3,4,1,3,4,3,19,3,2,6,4,0,2356
1,896,29,2,3,1,4,2,2,1,3,2,19,3,3,3,2,0,2800
2,897,53,2,3,8,6,1,1,5,4,3,14,3,3,2,0,2,11836
2,899,35,2,1,25,1,4,1,6,2,3,16,3,2,13,10,4,10903
2,900,37,3,3,21,4,3,2,1,4,3,15,3,3,5,4,0,2973
2,901,53,2,1,23,3,4,2,8,4,1,18,3,0,12,9,3,14275
2,902,43,3,1,1,3,4,2,7,4,3,13,3,2,5,2,2,5562
2,903,47,2,3,2,6,3,2,5,4,3,22,4,2,7,6,7,4537
2,904,37,1,3,19,4,1,1,5,2,1,13,3,2,10,0,0,7642
2,905,50,1,1,2,3,1,1,9,1,2,11,3,3,31,6,14,17924
2,909,39,2,2,2,3,4,2,4,4,3,11,3,2,5,4,0,5204
2,910,33,2,2,3,5,4,1,4,2,2,11,3,4,4,3,0,2277
1,911,32,2,1,25,3,1,1,2,4,1,24,4,2,1,0,0,2795
2,912,29,2,1,7,4,1,2,2,4,2,14,3,5,4,3,0,2532
2,913,44,2,1,9,3,2,1,3,1,3,13,3,0,8,7,7,2559
2,916,28,2,3,5,4,1,1,5,4,1,14,3,3,4,2,0,4908
1,918,58,3,1,2,3,4,1,2,4,2,14,3,3,1,0,0,2380
2,920,43,2,1,8,3,1,2,6,2,2,21,4,2,1,0,0,4765
1,922,20,2,3,2,4,3,2,1,3,1,13,3,3,2,2,0,2044
1,923,21,2,1,18,2,4,2,3,4,1,19,3,3,1,0,0,2693
2,924,36,2,1,14,3,3,1,7,4,3,17,3,2,16,8,4,6586
2,925,47,2,3,2,3,4,2,1,4,1,18,3,3,3,2,1,3294
1,926,22,2,1,3,3,2,2,6,3,3,19,3,3,3,2,0,4171
1,927,41,2,1,2,3,2,2,2,4,2,13,3,1,7,7,1,2778
2,930,28,2,1,9,4,3,2,3,3,2,18,3,2,2,2,2,2377
1,932,39,2,1,6,4,4,1,2,1,3,21,4,2,2,2,2,2404
2,933,27,2,1,4,3,2,2,3,3,1,19,3,2,1,1,0,2318
2,934,34,2,1,10,3,2,1,2,2,2,14,3,3,1,0,1,2008
2,936,42,2,3,14,4,3,2,5,3,1,17,3,6,5,4,0,6244
2,939,33,2,1,1,2,3,1,3,1,1,11,3,1,3,2,0,2799
2,940,58,2,1,5,1,3,2,7,2,2,13,3,3,6,0,0,10552
2,941,31,2,3,7,3,2,1,1,3,3,15,3,2,7,7,5,2329
2,942,35,2,1,21,3,4,2,7,4,3,25,4,2,10,6,0,4014
2,944,49,2,1,8,2,1,2,2,2,3,11,3,3,26,9,1,7403
2,945,48,2,1,20,4,4,1,3,3,3,17,3,2,0,0,0,2259
2,947,31,1,3,20,6,4,2,5,3,3,13,3,2,9,8,0,6932
2,949,36,2,1,7,2,2,1,3,4,1,18,3,6,6,2,0,4678
2,950,38,2,1,1,1,4,2,8,1,3,13,3,3,15,12,5,13582
2,951,32,1,1,1,3,3,2,2,2,3,20,4,3,3,0,0,2332
1,952,25,2,3,19,6,3,1,1,2,3,18,3,2,1,0,0,2413
2,954,40,2,3,10,6,1,1,5,2,2,12,3,2,1,0,0,9705
2,956,26,3,3,1,4,3,1,5,1,1,12,3,2,7,7,0,4294
2,957,41,2,1,6,4,4,1,2,1,1,13,3,3,18,13,2,4721
2,958,36,2,1,2,4,3,1,2,3,1,21,4,6,11,8,3,2519
1,959,19,2,3,21,2,4,1,1,2,1,13,3,3,1,0,0,2121
1,960,20,2,1,4,1,1,1,2,1,1,19,3,2,1,0,0,2973
2,961,31,2,1,12,4,4,2,7,4,3,11,3,2,9,7,8,5855
2,964,40,3,1,9,4,4,1,3,2,2,14,3,2,1,1,0,3617
2,966,32,2,1,3,4,3,2,6,1,3,12,3,2,8,7,6,6725
1,967,36,2,3,3,3,3,1,5,4,3,11,3,6,16,7,3,10325
2,969,33,2,1,1,3,2,2,7,4,1,14,3,3,5,0,1,6949
1,970,37,2,3,1,3,1,1,5,3,3,11,3,2,14,1,11,10609
2,972,45,1,1,4,3,3,1,2,2,3,12,3,5,9,7,0,4447
2,974,29,3,3,20,1,3,2,1,4,3,15,3,5,3,1,0,2157
2,975,35,2,3,18,4,3,2,5,3,3,16,3,3,5,2,1,4601
2,976,52,2,1,1,3,4,1,9,4,3,15,3,2,9,8,7,17099
1,977,58,2,1,2,1,4,1,3,3,1,24,4,4,1,0,0,2479
2,981,53,2,3,2,4,3,1,9,3,2,13,3,3,17,13,15,14852
2,982,30,2,3,8,2,3,1,5,3,2,11,3,2,8,4,7,7264
2,983,38,1,3,10,1,3,2,5,4,1,13,3,1,5,3,1,5666
2,984,35,2,3,3,3,4,1,5,4,2,13,3,2,10,9,0,7823
2,985,39,2,3,2,3,1,1,5,3,1,18,3,3,8,7,0,7880
1,986,40,1,3,24,3,2,2,5,2,1,16,3,2,1,0,0,13194
2,987,47,3,1,16,4,3,1,6,3,2,19,3,3,19,10,2,5067
2,990,36,1,3,8,1,1,1,5,4,2,13,3,3,7,7,0,5079
1,991,31,1,1,9,4,3,1,3,1,1,22,4,0,3,2,1,2321
2,992,33,1,3,17,3,4,1,9,3,1,11,3,2,10,8,6,17444
1,994,29,2,1,10,3,4,2,3,1,1,20,4,5,0,0,0,2404
2,995,33,2,1,13,3,2,2,3,4,1,18,3,4,3,2,0,3452
2,996,45,2,1,1,4,4,2,2,4,2,14,3,2,5,3,0,2270
2,997,50,2,1,1,4,4,1,8,4,2,22,4,1,5,4,1,17399
2,998,33,3,1,1,2,3,2,7,2,3,13,3,2,6,5,1,5488
2,999,41,3,1,9,4,1,1,8,3,2,17,3,2,18,16,0,19419
2,1001,27,2,1,16,1,3,2,2,2,3,14,3,2,2,2,2,2811
2,1002,45,1,1,23,3,4,1,2,1,3,15,3,2,9,8,0,3633
2,1003,47,2,3,4,3,4,2,5,4,1,17,3,0,9,0,0,4163
1,1004,30,2,1,22,3,1,2,3,3,3,11,3,2,5,2,0,2132
2,1005,50,2,1,24,3,4,1,6,3,3,18,3,2,12,11,1,13973
2,1006,38,3,1,10,4,3,1,3,3,3,17,3,0,2,1,0,2684
2,1007,46,2,1,7,4,4,1,6,3,2,13,3,3,8,7,0,10845
2,1009,24,2,1,17,4,4,2,6,3,2,15,3,6,4,2,3,4377
1,1010,35,2,1,14,2,3,1,2,2,2,24,4,2,4,2,0,3743
2,1011,31,3,1,1,3,3,2,6,1,3,12,3,1,4,3,0,4148
2,1012,18,1,1,5,3,2,1,3,4,1,15,3,2,0,0,0,1051
2,1013,54,2,1,17,1,3,2,6,3,3,11,3,2,10,7,0,10739
2,1014,35,2,1,25,4,3,2,7,3,2,11,3,3,16,10,10,10388
2,1015,30,2,1,8,3,2,2,8,1,3,12,3,4,8,7,1,11416
1,1016,20,2,1,11,4,4,2,3,1,1,15,3,2,1,0,0,2600
1,1017,30,3,1,5,4,2,2,2,2,1,17,3,3,3,2,1,2422
2,1018,26,2,1,2,4,4,1,6,4,3,12,3,2,8,7,1,5472
2,1019,22,2,1,8,3,2,1,2,1,3,15,3,3,4,3,1,2451
2,1022,48,2,1,6,3,1,1,7,3,1,13,3,0,2,2,2,4240
2,1024,48,2,1,4,3,3,1,7,3,1,14,3,3,15,11,4,10999
2,1025,41,2,1,7,4,4,2,6,3,1,14,3,6,2,2,2,5003
2,1026,39,2,1,1,3,4,2,6,4,3,16,3,3,21,6,11,12742
2,1027,27,2,1,2,3,1,2,6,4,3,18,3,2,3,2,2,4227
2,1028,35,2,1,10,2,2,1,2,4,2,20,4,4,3,2,1,3917
2,1029,42,2,3,5,6,4,1,9,3,3,13,3,3,1,0,0,18303
2,1030,50,2,1,9,3,1,1,2,4,3,18,3,5,1,0,0,2380
2,1032,59,2,1,2,3,3,2,6,4,1,13,3,4,5,3,4,13726
1,1033,37,2,1,11,4,1,2,7,2,3,15,3,2,1,0,0,4777
2,1034,55,3,1,18,4,3,1,7,2,3,14,3,3,8,7,6,6385
2,1035,41,1,1,7,3,2,2,8,3,2,22,4,3,21,16,5,19973
2,1036,38,2,3,3,3,2,1,5,4,1,12,3,1,1,0,0,6861
1,1037,26,1,3,29,4,2,1,5,1,1,18,3,6,2,2,2,4969
1,1038,52,2,3,2,6,1,2,9,4,3,15,3,3,32,14,6,19845
2,1039,44,2,3,28,4,4,2,5,4,3,18,3,2,12,11,11,13320
2,1040,50,1,3,1,3,4,2,5,3,3,12,3,3,18,7,0,6347
1,1042,36,2,1,16,3,3,2,2,1,1,16,3,1,17,13,15,2743
2,1043,39,3,1,22,4,4,2,6,1,1,13,3,2,21,6,2,10880
2,1044,33,1,3,8,3,2,2,1,4,1,19,3,2,2,2,2,2342
2,1045,45,2,3,11,3,4,2,9,4,3,13,3,4,9,3,1,17650
2,1046,32,1,1,29,4,4,2,2,3,1,12,3,2,8,7,7,4025
2,1047,34,2,3,1,6,2,1,5,4,2,11,3,2,15,1,0,9725
2,1048,59,2,3,1,1,2,1,9,4,3,14,3,1,6,4,0,11904
2,1049,45,2,2,24,4,2,1,4,2,1,16,3,3,6,3,0,2177
2,1050,53,3,3,2,6,3,2,5,2,3,12,3,2,15,7,6,7525
1,1052,36,2,1,15,2,1,1,2,3,2,14,3,3,1,0,0,4834
1,1053,26,3,1,2,3,1,1,3,1,3,14,3,2,3,2,1,2042
2,1055,34,2,3,10,3,3,2,1,3,3,19,3,2,1,1,0,2220
2,1056,28,2,3,10,4,4,1,1,2,3,22,4,5,1,0,0,1052
2,1060,38,3,1,3,2,3,1,3,3,3,16,3,2,2,2,2,2821
2,1061,50,2,1,2,4,2,1,8,3,3,11,3,2,8,1,7,19237
2,1062,37,2,1,3,2,4,2,7,2,1,15,3,3,4,3,0,4107
2,1066,40,2,3,26,6,3,1,5,1,3,14,3,3,7,7,7,8396
2,1068,26,3,1,1,4,1,2,3,3,2,13,3,5,5,3,1,2007
2,1069,46,2,1,1,4,4,1,8,4,2,17,3,0,2,2,2,19627
2,1070,54,2,3,2,3,3,2,5,3,3,11,3,4,9,4,7,10686
2,1071,56,3,1,9,4,1,2,3,3,3,19,3,4,5,4,0,2942
2,1073,36,2,1,12,4,4,2,6,4,1,11,3,2,14,8,7,8858
2,1074,55,1,1,2,4,3,1,9,1,1,15,3,3,9,7,6,16756
2,1076,43,2,3,25,4,3,1,5,4,2,13,3,5,1,0,0,10798
1,1077,20,3,3,9,6,4,2,1,4,1,14,3,3,2,2,0,2323
1,1079,21,2,1,10,3,3,2,2,1,1,13,3,6,1,0,1,1416
2,1080,46,2,1,8,3,4,2,3,1,2,23,4,2,16,13,1,4615
1,1081,51,2,1,4,3,1,1,3,3,3,12,3,2,10,0,2,2461
1,1082,28,1,1,24,1,2,1,7,1,1,12,3,2,10,7,1,8722
2,1083,26,2,1,1,4,1,1,2,1,3,16,3,2,5,3,1,3955
2,1084,30,2,1,20,2,3,1,6,1,3,15,3,1,6,2,0,9957
2,1085,41,2,1,7,1,2,2,3,3,3,13,3,3,10,6,0,3376
2,1088,38,2,1,17,3,3,2,7,3,3,18,3,4,19,9,1,8823
2,1092,40,2,1,20,1,1,1,7,4,3,20,4,6,11,10,11,10322
2,1094,27,1,1,8,3,1,1,2,3,3,19,3,4,3,2,1,4621
2,1096,55,3,1,2,3,4,1,6,2,3,18,3,4,3,2,1,10976
2,1097,28,2,1,10,2,3,2,3,3,1,13,3,4,8,7,1,3660
1,1098,44,2,2,1,4,2,1,4,1,3,14,3,1,20,6,3,10482
2,1099,33,2,1,5,3,4,1,7,4,2,15,3,2,3,2,1,7119
1,1100,35,2,3,4,1,4,1,5,1,1,22,4,2,8,7,4,9582
1,1101,33,3,1,29,4,1,2,3,3,1,22,4,4,13,7,3,4508
2,1102,28,2,1,15,3,1,1,2,3,2,16,3,5,4,2,2,2207
2,1103,34,3,1,3,3,1,1,7,4,1,17,3,1,6,2,0,7756
2,1105,37,2,3,10,3,4,2,5,4,2,14,3,5,1,0,0,6694
1,1106,25,2,1,4,1,4,1,2,4,3,15,3,3,7,7,5,3691
1,1107,26,2,1,21,4,1,1,2,3,2,20,4,0,1,1,0,2377
1,1108,33,2,1,25,4,1,1,3,2,1,20,4,0,2,2,2,2313
2,1109,42,2,1,2,4,4,1,9,1,3,17,3,3,22,6,13,17665
1,1111,28,3,1,1,4,1,1,2,2,2,15,3,2,1,0,0,2596
1,1113,50,3,3,1,2,4,1,5,3,1,14,3,4,0,0,0,4728
2,1114,33,3,3,7,3,4,2,5,2,3,17,3,3,3,2,0,4302
2,1115,34,1,1,3,3,3,1,3,4,3,17,3,2,0,0,0,2979
2,1116,48,1,1,1,4,1,1,9,4,1,22,4,3,5,4,2,16885
2,1117,45,1,3,9,3,2,2,5,3,3,13,3,2,15,10,4,5593
2,1118,52,2,1,7,3,2,1,7,2,1,19,3,4,8,6,4,10445
2,1119,38,2,3,10,6,3,1,5,3,2,14,3,2,8,7,2,8740
2,1120,29,2,1,28,3,3,2,3,4,2,22,4,1,7,5,1,2514
2,1121,28,2,1,3,4,4,2,6,2,2,17,3,3,9,7,1,7655
2,1124,46,2,3,3,6,1,1,9,3,3,12,3,3,12,9,4,17465
2,1125,38,2,3,2,6,4,1,5,2,1,16,3,2,1,0,0,7351
2,1126,43,3,1,27,3,3,2,6,1,3,11,3,1,8,7,0,10820
1,1127,39,3,1,2,3,1,1,7,4,2,11,3,4,18,7,11,12169
2,1128,40,2,1,14,4,3,1,8,3,1,14,3,2,20,7,4,19626
2,1131,21,2,1,1,1,4,2,3,2,1,11,3,6,2,2,2,2070
2,1132,39,1,1,9,3,3,1,2,2,1,15,3,2,5,4,0,6782
2,1133,36,1,1,18,3,1,1,6,4,1,20,4,0,11,9,0,7779
2,1135,31,3,3,20,3,3,1,1,4,3,12,3,4,2,2,2,2791
2,1136,28,2,1,2,3,1,1,3,2,3,17,3,2,5,3,0,3201
2,1137,35,3,3,11,6,4,1,5,4,2,11,3,3,5,2,0,4968
2,1138,49,2,3,8,1,4,1,5,2,3,17,3,3,9,8,2,13120
2,1140,34,3,1,2,3,4,1,6,3,1,11,3,3,3,2,0,4033
2,1143,29,3,1,10,3,4,2,3,2,2,14,3,2,7,5,1,3291
2,1148,42,2,1,29,4,2,1,2,4,1,19,3,3,1,0,0,4272
2,1150,29,2,1,8,4,2,1,6,4,3,15,3,2,10,7,1,5056
2,1152,38,2,2,1,5,3,1,4,3,3,13,3,2,7,6,5,2844
2,1154,28,3,1,6,3,3,1,3,3,2,14,3,2,3,1,0,2703
1,1156,18,1,1,8,4,3,1,2,3,1,12,3,0,0,0,0,1904
1,1157,33,2,3,9,6,1,2,5,1,1,17,3,3,5,2,0,8224
2,1158,41,2,1,12,3,2,1,2,4,3,11,3,4,1,0,0,4766
1,1160,31,3,1,15,4,3,1,2,3,3,12,3,5,2,2,2,2610
2,1161,37,2,1,25,4,3,2,7,4,2,13,3,2,6,2,1,5731
2,1162,27,2,1,6,3,4,1,3,3,3,13,3,0,4,2,2,2539
2,1163,34,2,3,9,3,2,2,5,3,3,20,4,3,6,5,1,5714
2,1164,35,2,2,8,1,3,1,4,3,1,17,3,2,5,4,1,4323
1,1165,29,2,3,23,3,4,2,5,1,3,13,3,3,11,8,3,7336
2,1166,40,3,1,9,4,2,2,8,3,1,17,3,3,18,7,2,13499
1,1167,42,3,3,12,3,3,1,5,1,1,12,3,2,21,9,13,13758
2,1171,42,2,3,4,6,2,1,5,1,1,13,3,3,6,4,1,5155
2,1172,35,2,1,1,4,4,1,2,3,3,12,3,2,8,0,1,2258
2,1173,24,2,1,24,4,4,1,2,2,1,22,4,2,4,3,1,3597
1,1175,28,2,1,12,3,3,2,2,4,3,11,3,4,1,1,0,2515
2,1177,26,2,1,3,4,1,1,2,4,3,22,4,2,8,7,0,4420
2,1179,30,2,3,10,6,3,1,5,3,3,18,3,3,10,3,1,6578
2,1180,40,3,1,26,4,3,2,3,4,3,13,3,3,1,1,0,4422
2,1182,35,2,1,2,3,3,1,6,2,2,18,3,2,7,7,6,10274
2,1184,34,3,1,1,4,4,1,7,1,1,20,4,3,13,9,4,5343
2,1185,35,3,1,4,2,4,1,2,4,3,13,3,2,2,2,2,2376
1,1188,43,2,3,9,6,1,2,5,3,1,13,3,2,4,3,1,5346
2,1190,32,1,3,2,3,3,2,1,1,2,12,3,3,1,0,0,2827
2,1191,56,2,1,4,1,4,2,9,1,2,13,3,2,5,2,4,19943
2,1192,29,2,1,6,4,2,2,2,4,3,13,3,5,10,8,0,3131
2,1193,19,2,1,9,3,3,1,3,1,1,25,4,4,1,1,0,2552
2,1195,45,2,1,7,4,1,2,3,3,3,19,3,2,3,2,0,4477
2,1196,37,2,1,1,3,4,2,6,4,3,13,3,2,14,8,3,6474
2,1198,20,2,1,3,3,1,1,2,3,1,12,3,2,2,2,1,3033
1,1200,44,2,1,10,3,3,1,3,3,1,11,3,4,6,4,0,2936
2,1201,53,2,1,7,4,4,2,9,3,2,18,3,6,7,7,4,18606
2,1202,29,2,1,15,3,2,2,3,4,3,18,3,2,5,4,1,2168
1,1203,22,3,1,3,3,3,1,3,4,3,11,3,5,0,0,0,2853
2,1204,46,2,3,2,6,3,2,9,1,3,23,4,2,26,15,15,17048
2,1206,44,1,1,17,3,4,1,3,3,1,13,3,3,0,0,0,2290
2,1207,33,2,2,2,5,2,1,4,3,3,13,3,2,5,4,1,3600
1,1210,41,1,1,5,3,1,1,3,1,2,17,3,2,1,0,0,2107
2,1211,30,2,3,29,3,3,1,5,1,2,19,3,3,4,3,0,4115
2,1212,40,3,3,2,4,2,1,5,2,3,12,3,2,0,0,0,4327
2,1215,50,3,1,2,4,4,2,9,1,3,22,4,3,2,2,2,17856
2,1216,28,2,1,19,4,4,1,2,1,3,12,3,2,6,5,3,3196
2,1217,46,2,1,15,3,4,1,8,2,3,11,3,2,4,2,0,19081
2,1218,35,2,3,17,3,3,1,5,1,3,15,3,2,7,7,1,8966
1,1219,24,2,1,17,3,4,2,2,2,3,13,3,3,1,0,0,2210
2,1220,33,3,3,25,4,2,2,5,3,3,12,3,3,10,7,0,4539
2,1221,36,2,1,6,3,3,1,2,3,2,14,3,4,7,7,1,2741
2,1224,30,2,1,7,3,3,1,2,3,2,13,3,4,10,7,8,3491
2,1225,44,2,1,29,2,4,1,3,4,1,25,4,3,20,11,13,4541
2,1226,20,2,3,21,6,3,1,1,4,1,17,3,2,2,1,2,2678
2,1228,46,2,1,2,1,4,1,6,4,2,11,3,3,6,3,1,7379
2,1231,42,1,2,2,4,4,1,4,1,3,16,3,3,4,3,0,6272
2,1233,60,2,3,7,6,2,1,5,4,2,18,3,3,11,7,1,5220
2,1234,32,3,1,13,2,3,2,2,2,3,20,4,2,2,2,2,2743
2,1235,32,3,1,2,3,4,2,3,3,1,14,3,2,8,7,0,4998
2,1237,36,2,1,1,1,3,2,6,1,2,21,4,2,7,7,7,10252
2,1238,33,2,1,9,4,1,1,3,4,3,13,3,5,14,10,4,2781
2,1239,40,2,3,10,1,2,2,5,2,2,12,3,2,5,1,1,6852
2,1240,25,2,3,10,3,3,1,5,4,1,14,3,4,4,3,1,4950
2,1241,30,2,1,1,4,4,1,3,2,3,21,4,2,11,9,5,3579
2,1242,42,3,1,26,4,1,2,8,1,3,17,3,6,1,0,0,13191
2,1243,35,1,3,8,6,3,2,5,4,3,11,3,6,13,2,4,10377
2,1244,27,2,1,14,3,1,1,3,1,3,14,3,3,9,7,6,2235
2,1245,54,3,1,1,3,4,2,6,3,2,17,3,2,5,4,1,10502
2,1246,44,2,1,2,3,1,2,3,4,3,13,3,5,10,5,7,2011
1,1248,19,1,1,10,4,1,2,3,2,1,25,4,2,1,1,0,1859
2,1249,29,2,1,1,3,1,2,3,4,2,15,3,5,3,2,1,3760
2,1250,54,2,1,3,3,4,1,8,4,3,14,3,2,10,9,0,17779
2,1251,31,2,1,11,4,3,1,7,1,3,12,3,2,6,5,0,6833
2,1252,31,2,1,24,4,3,2,7,1,1,19,3,2,10,9,1,6812
2,1254,59,2,3,3,3,3,2,5,4,1,17,3,2,6,1,0,5171
2,1255,43,2,1,3,3,3,1,8,4,3,14,3,2,8,7,0,19740
2,1256,49,2,1,4,4,1,1,9,3,3,13,3,2,1,0,0,18711
2,1257,36,3,1,3,1,3,1,3,2,3,12,3,2,11,10,0,3692
2,1258,48,2,1,2,1,4,1,2,2,1,11,3,4,1,0,0,2559
2,1259,27,2,1,4,3,1,1,3,3,2,11,3,2,5,3,0,2517
2,1260,29,2,1,7,3,3,1,7,4,2,11,3,2,6,0,1,6623
2,1263,48,2,1,1,3,4,1,8,4,1,12,3,3,1,0,0,18265
2,1264,29,2,1,1,3,4,2,8,4,2,14,3,2,7,7,1,16124
2,1265,34,2,1,20,1,3,2,3,3,3,17,3,5,1,0,0,2585
2,1267,44,2,3,5,6,2,1,9,2,3,11,3,5,22,9,3,18213
2,1268,33,2,3,10,6,4,1,5,3,2,14,3,3,9,8,0,8380
2,1269,19,2,1,25,3,2,2,3,4,1,12,3,2,1,0,0,2994
2,1270,23,2,1,1,3,4,1,3,3,3,22,4,2,1,0,0,1223
1,1273,25,3,3,24,3,3,1,1,4,1,14,3,4,1,0,1,1118
2,1275,26,2,1,4,3,3,1,3,4,1,20,4,2,8,5,2,2875
1,1277,45,2,3,2,6,1,2,9,2,1,16,3,2,24,10,1,18824
2,1278,55,1,1,8,4,4,1,7,2,2,15,3,3,33,9,15,13577
1,1279,21,3,1,10,3,1,2,2,3,1,20,4,2,2,2,2,2625
2,1280,46,2,3,4,6,4,2,9,2,3,14,3,2,11,4,0,18789
2,1281,34,2,3,2,6,3,2,5,1,1,12,3,3,3,2,0,4538
2,1282,51,3,3,9,3,4,1,9,2,2,24,4,5,29,10,11,19847
2,1283,59,2,1,18,4,4,1,6,4,1,12,3,6,9,7,5,10512
2,1285,34,3,1,19,4,3,2,2,2,2,13,3,2,11,8,5,4444
2,1286,28,3,1,1,4,4,1,2,3,1,11,3,2,4,2,0,2154
2,1288,44,2,1,4,3,3,1,9,1,2,14,3,4,25,9,14,19190
2,1289,34,3,2,11,3,3,1,4,2,3,11,3,5,10,9,1,4490
2,1291,35,2,1,6,3,3,1,3,3,3,14,3,3,3,2,2,3506
2,1292,42,2,1,7,4,2,2,3,2,3,16,3,2,1,0,0,2372
2,1293,43,2,3,4,6,4,2,5,4,1,14,3,3,21,7,15,10231
2,1294,36,2,1,2,3,3,2,6,2,1,11,3,2,16,14,5,5410
1,1295,44,2,1,15,4,1,2,7,4,3,11,3,2,10,7,0,7978
2,1296,28,3,1,2,3,4,1,2,4,3,12,3,2,2,2,2,3867
2,1297,51,3,1,6,4,2,2,2,3,1,14,3,6,7,0,7,2838
2,1298,30,1,1,9,4,3,2,6,3,1,18,3,3,8,4,1,4695
1,1299,29,2,1,7,1,2,2,2,3,2,13,3,2,7,7,7,3339
2,1301,28,2,1,1,1,4,1,3,1,1,11,3,2,3,2,1,2080
2,1303,25,2,1,1,4,4,2,3,2,1,18,3,3,2,2,2,2096
2,1304,32,2,3,8,4,3,1,5,4,3,15,3,4,10,7,0,6209
2,1306,45,3,1,25,4,2,2,9,2,1,22,4,4,0,0,0,18061
2,1307,39,2,1,13,4,3,2,9,2,2,13,3,4,19,9,15,17123
2,1308,58,2,1,23,3,1,1,3,3,2,12,3,3,2,2,2,2372
1,1309,32,2,1,7,3,4,1,2,3,3,18,3,3,10,4,1,4883
1,1310,39,2,1,23,4,3,1,3,1,1,13,3,2,5,2,0,3904
2,1311,30,2,1,6,1,1,2,2,4,3,12,3,6,9,2,6,4627
2,1312,36,2,1,10,1,4,2,7,3,3,12,3,0,7,7,1,7094
2,1314,46,2,2,1,3,4,2,4,1,1,12,3,3,7,6,5,3423
2,1315,28,1,1,1,3,3,2,2,4,3,11,3,6,9,8,7,6674
2,1317,50,2,1,28,3,4,2,8,1,3,11,3,2,3,2,1,16880
1,1318,40,2,3,25,6,4,1,5,2,1,12,3,2,5,4,1,9094
1,1319,52,2,3,5,3,2,1,5,2,1,19,3,2,8,7,7,8446
2,1321,30,2,1,17,4,2,2,9,1,3,23,4,2,9,1,0,11916
2,1322,39,2,1,18,3,1,1,6,3,1,11,3,6,8,7,1,4534
2,1324,31,1,3,2,3,4,2,5,3,2,19,3,5,10,8,9,9852
2,1329,41,1,3,10,4,3,1,5,2,1,13,3,4,19,2,11,6151
1,1331,31,3,3,1,3,4,2,1,2,1,11,3,2,3,2,2,2302
1,1333,44,2,1,3,3,1,1,2,1,3,12,3,4,3,2,1,2362
2,1334,42,1,1,2,3,3,1,9,3,3,13,3,3,20,8,2,17861
2,1336,55,2,1,2,4,4,2,9,3,3,14,3,5,19,9,9,19187
2,1338,56,2,2,8,3,4,1,9,2,1,14,3,4,7,3,7,19717
2,1340,40,1,1,16,3,3,1,3,3,2,16,3,0,4,2,0,3544
2,1344,34,2,1,9,3,4,1,7,4,2,11,3,0,9,7,1,8500
2,1346,40,2,1,2,3,3,1,3,4,1,13,3,4,9,8,8,4661
2,1349,41,3,3,1,6,3,2,5,1,2,17,3,2,9,3,1,4103
2,1350,35,3,1,4,3,3,1,3,3,1,11,3,3,9,6,1,4249
2,1352,51,2,2,5,3,3,1,9,2,2,11,3,2,33,9,0,14026
2,1355,38,2,3,2,3,2,2,5,1,2,15,3,3,7,7,1,6893
2,1356,34,2,3,15,4,3,2,5,1,1,12,3,6,10,8,9,6125
2,1358,25,2,1,19,4,4,1,2,4,3,11,3,6,3,2,1,3669
1,1360,58,2,1,7,4,3,2,6,1,3,14,3,0,10,9,5,10008
2,1361,40,2,1,1,3,2,1,2,2,3,22,4,3,4,2,0,2387
2,1362,36,3,3,7,6,1,2,5,1,3,16,3,2,15,7,6,4639
2,1363,48,2,1,4,3,4,1,6,4,1,11,3,2,10,9,0,7898
2,1364,27,2,3,11,4,3,2,1,4,3,14,3,4,1,0,0,2534
2,1367,51,2,1,11,1,4,2,6,2,1,16,3,1,5,2,0,13142
2,1368,18,1,1,1,3,4,2,2,4,1,15,3,5,0,0,0,1611
2,1369,35,2,1,1,4,4,2,2,4,3,12,3,0,9,7,0,5363
2,1371,27,3,3,2,3,4,1,5,4,1,20,4,3,6,2,0,5071
1,1372,55,2,3,13,6,1,1,5,3,1,17,3,2,19,7,3,13695
2,1373,56,2,1,23,3,4,1,6,2,3,12,3,0,19,16,15,13402
2,1374,34,1,1,26,1,1,2,3,3,2,20,4,2,5,4,0,2029
2,1375,40,2,1,2,4,2,2,7,3,2,20,4,0,12,11,11,6377
2,1377,34,2,1,29,4,2,1,2,3,3,13,3,1,8,7,7,5429
1,1379,31,3,3,2,3,3,2,1,4,1,14,3,3,1,0,0,2785
1,1380,35,3,3,18,6,4,2,5,3,3,18,3,0,4,2,3,4614
2,1382,38,3,1,7,3,4,1,3,3,2,11,3,2,4,2,0,2610
2,1383,34,2,1,2,1,3,2,7,4,1,11,3,2,14,11,4,6687
2,1387,28,2,3,26,3,3,1,5,1,3,11,3,0,5,3,0,4724
1,1389,31,2,1,22,4,4,1,6,3,3,15,3,3,10,2,6,6179
2,1390,39,2,3,21,3,1,1,5,4,3,12,3,2,5,4,1,6120
2,1391,51,3,3,2,6,2,1,5,2,3,11,3,5,4,2,3,10596
2,1392,41,3,1,22,3,4,2,3,4,2,14,3,4,6,2,3,5467
2,1394,37,2,1,4,3,3,1,3,3,3,15,3,2,6,4,1,2996
2,1395,33,3,3,5,3,2,1,5,4,3,13,3,2,5,4,1,9998
2,1396,32,2,3,2,6,3,1,5,2,3,13,3,3,3,2,1,4078
2,1397,39,1,1,25,3,3,1,7,3,3,21,4,2,6,4,0,10920
2,1399,25,2,3,18,3,1,1,5,3,3,11,3,3,3,2,1,6232
2,1401,52,3,1,28,4,4,2,6,3,3,11,3,3,5,3,0,13247
2,1402,43,2,1,6,4,1,2,3,3,1,14,3,3,20,7,1,4081
2,1403,27,2,3,10,6,4,2,5,4,3,11,3,3,6,2,4,5769
1,1405,27,2,1,17,3,4,2,3,3,1,13,3,2,8,2,7,2394
2,1407,26,2,1,2,4,1,1,3,4,1,12,3,2,4,3,1,3904
2,1408,42,2,2,10,5,3,2,9,1,3,14,3,5,20,7,0,16799
2,1409,52,2,1,8,2,3,2,2,1,3,13,3,2,5,4,0,2950
2,1411,37,2,1,11,4,1,2,2,3,1,18,3,6,3,2,0,3629
2,1412,35,3,1,18,3,3,1,6,4,1,11,3,2,2,2,2,9362
2,1415,25,2,1,1,1,1,1,2,4,3,11,3,2,3,2,0,3229
2,1417,26,2,1,7,2,3,1,2,1,1,12,3,2,7,7,0,3578
2,1419,29,2,2,17,2,2,1,4,1,1,13,3,3,10,9,0,7988
1,1420,49,3,1,28,3,1,1,2,1,1,20,4,2,4,3,1,4284
1,1421,29,3,1,14,2,3,2,7,4,1,12,3,1,8,7,7,7553
2,1422,54,2,1,1,4,4,2,8,4,1,19,3,3,20,7,12,17328
2,1423,58,2,1,1,4,4,2,8,1,3,21,4,3,9,8,1,19701
2,1424,55,2,1,1,4,2,1,8,4,2,13,3,4,7,7,0,14732
2,1425,36,2,3,3,6,1,2,5,2,1,16,3,3,5,4,0,9278
1,1427,31,3,3,1,3,2,2,1,3,1,12,3,3,1,0,0,1359
2,1428,30,2,3,7,6,4,2,5,1,2,14,3,3,3,2,0,4779
2,1430,31,2,1,8,3,1,2,8,2,1,11,3,3,3,2,1,16422
2,1431,34,3,1,1,2,4,1,3,1,2,14,3,2,4,3,1,2996
1,1433,31,2,1,8,3,1,2,3,2,1,12,3,3,1,0,0,1261
2,1434,27,2,1,11,3,2,1,2,1,3,14,3,3,5,0,1,2099
2,1435,36,2,1,4,3,1,1,2,4,1,16,3,2,10,4,1,5810
2,1436,36,2,3,16,6,3,2,5,1,3,13,3,3,3,2,0,5647
2,1438,47,2,1,1,1,1,1,3,4,3,12,3,2,6,5,1,3420
1,1439,25,2,3,9,3,1,1,1,1,3,12,3,2,3,2,2,4400
2,1440,37,1,1,5,1,3,1,2,3,1,14,3,2,6,5,1,3500
2,1441,56,2,1,1,3,1,2,3,1,3,22,4,3,3,2,1,2066
2,1443,47,2,1,2,4,1,2,8,3,3,19,3,2,20,17,5,17169
2,1445,24,2,3,4,4,4,2,5,3,3,12,3,3,5,4,0,4162
2,1446,32,2,3,7,6,4,1,5,4,3,12,3,3,4,3,0,9204
2,1447,34,2,1,1,3,4,2,2,2,3,17,3,2,5,4,0,3294
2,1448,41,2,1,5,4,2,1,3,3,3,12,3,5,4,2,0,2127
2,1449,40,1,1,9,2,3,1,2,3,2,11,3,2,8,7,0,3975
2,1453,31,2,3,8,3,1,1,5,4,2,18,3,5,13,7,9,10793
1,1457,46,2,3,9,6,1,1,5,4,2,11,3,1,7,7,4,10096
1,1458,39,1,1,2,3,1,2,2,1,1,23,4,2,1,0,0,3646
1,1459,31,3,1,1,3,3,2,6,2,1,11,3,2,10,8,4,7446
2,1460,45,2,1,20,4,2,1,7,1,2,18,3,2,7,7,0,10851
2,1461,31,2,2,8,4,4,2,4,2,1,18,3,3,3,2,0,2109
1,1464,31,3,1,2,3,2,1,2,4,3,13,3,2,2,2,2,3722
2,1465,45,2,1,29,1,2,1,6,4,3,18,3,4,3,1,1,9380
2,1466,48,2,3,7,6,3,1,5,1,2,11,3,3,2,2,2,5486
1,1467,34,2,2,9,1,1,2,4,3,3,15,3,0,2,2,2,2742
2,1468,40,1,1,8,4,4,1,8,2,2,11,3,5,9,8,4,13757
2,1469,28,2,3,5,4,4,1,5,1,1,18,3,4,5,4,1,8463
2,1471,44,1,1,5,3,3,1,2,3,1,14,3,5,5,2,0,3162
2,1472,53,2,1,2,4,4,1,8,2,1,12,3,2,9,8,8,16598
2,1473,49,2,1,5,1,1,1,7,3,3,14,3,0,3,2,1,6651
2,1474,40,2,1,2,4,3,1,3,3,2,14,3,3,3,1,1,2345
2,1475,44,2,1,20,3,4,1,3,2,1,13,3,3,5,2,1,3420
2,1477,33,3,3,7,4,4,1,5,1,3,14,3,2,4,3,0,4373
2,1478,34,2,3,3,2,4,1,5,1,1,18,3,2,13,9,3,4759
2,1479,30,2,3,16,3,4,1,5,3,3,15,3,2,2,1,2,5301
2,1480,42,3,1,9,4,1,2,2,4,1,13,3,3,12,9,5,3673
2,1481,44,3,3,1,6,1,2,5,3,3,12,3,4,1,0,0,4768
2,1482,30,1,1,7,1,3,1,3,3,2,13,3,2,1,0,0,1274
2,1483,57,2,1,1,3,2,1,3,3,3,24,4,2,12,9,2,4900
2,1484,49,2,1,7,3,3,1,7,2,2,14,3,3,8,7,0,10466
2,1485,34,3,1,15,4,2,1,8,1,2,14,3,3,14,8,6,17007
1,1486,28,3,3,1,1,1,1,1,3,3,15,3,3,3,2,1,2909
1,1487,29,3,3,13,1,1,2,5,2,1,11,3,4,5,3,0,5765
1,1489,34,2,3,24,4,1,2,5,2,1,23,4,2,15,9,10,4599
2,1492,35,2,3,7,3,4,1,1,3,3,13,3,3,1,0,0,2404
1,1494,24,3,1,9,4,2,1,2,1,1,11,3,2,0,0,0,3172
2,1495,24,1,3,13,3,4,2,1,2,3,13,3,2,1,0,0,2033
2,1496,44,3,1,2,4,2,1,6,3,1,18,3,2,2,2,2,10209
2,1497,29,2,3,19,3,3,1,5,3,2,14,3,3,10,7,0,8620
2,1499,30,2,2,1,3,3,1,4,3,2,21,4,3,5,3,1,2064
2,1501,55,2,1,4,3,4,1,7,3,3,16,3,2,3,2,1,4035
2,1502,33,2,1,4,4,1,2,2,2,3,11,3,5,5,4,0,3838
2,1503,47,2,3,14,4,3,2,5,3,3,17,3,4,5,4,1,4591
1,1504,28,3,1,2,4,3,1,2,1,1,11,3,2,0,0,0,2561
2,1506,28,2,1,1,3,1,1,3,3,2,14,3,2,1,0,0,1563
2,1507,28,3,3,7,3,3,1,5,1,1,14,3,5,4,2,1,4898
2,1509,49,2,1,3,4,3,2,2,1,3,25,4,3,3,2,1,4789
2,1513,29,3,1,2,3,4,2,2,2,3,13,3,3,3,2,0,3180
2,1514,28,2,1,29,3,3,1,6,2,3,14,3,2,8,6,1,6549
2,1515,33,2,1,8,3,4,1,7,3,1,17,3,6,0,0,0,6388
2,1516,32,2,1,10,4,3,1,9,4,1,25,4,5,5,2,0,11244
2,1520,54,3,1,11,4,2,2,9,4,2,20,4,2,14,9,1,16032
1,1522,29,2,1,1,1,1,1,3,1,1,13,3,2,9,7,0,2362
2,1523,44,2,1,28,3,4,1,8,1,3,13,3,1,20,6,14,16328
2,1525,39,2,1,6,3,2,2,6,2,1,18,3,3,2,0,2,8376
2,1527,46,2,3,3,3,3,2,9,2,3,12,3,2,13,12,5,16606
2,1529,35,2,1,16,3,4,2,7,2,1,19,3,3,11,8,3,8606
2,1533,23,2,1,20,3,1,1,2,3,1,14,3,2,4,3,1,2272
1,1534,40,2,1,9,3,4,1,2,1,1,14,3,3,5,4,1,2018
2,1535,34,2,3,1,1,4,1,5,3,3,14,3,3,10,9,8,7083
1,1537,31,3,1,3,3,4,2,3,3,1,12,3,2,7,2,7,4084
2,1539,50,3,1,22,4,3,1,8,4,1,13,3,2,32,6,13,14411
2,1541,34,2,3,7,1,2,1,1,3,3,25,4,4,11,10,5,2308
2,1542,42,2,1,2,4,3,1,2,2,3,14,3,3,1,0,0,4841
2,1543,37,2,1,13,4,1,1,3,4,3,17,3,2,10,8,3,4285
2,1544,29,2,1,8,2,3,2,7,1,3,13,3,3,7,7,0,9715
2,1545,33,2,1,25,3,4,1,6,2,1,13,3,2,5,3,0,4320
2,1546,45,2,1,28,1,4,1,3,4,3,20,4,3,5,4,0,2132
2,1547,42,3,1,2,3,4,1,7,4,3,14,3,3,20,8,13,10124
2,1548,40,2,3,9,4,1,1,5,1,3,12,3,5,8,4,7,5473
2,1549,33,2,1,28,3,2,1,2,3,3,12,3,3,15,14,5,5207
2,1550,40,2,2,6,4,3,1,9,4,1,21,4,2,21,7,7,16437
2,1551,24,2,1,21,1,3,1,2,1,2,14,3,3,1,1,0,2296
2,1552,40,1,1,8,3,4,1,7,4,2,18,3,2,2,2,2,4069
2,1553,45,2,1,1,1,1,1,7,2,2,12,3,4,10,8,7,7441
2,1554,35,2,3,28,3,2,2,1,3,3,23,4,5,5,3,4,2430
2,1555,32,2,1,5,3,4,2,3,2,3,12,3,2,7,1,2,5878
2,1556,36,2,3,2,3,3,1,1,4,1,21,4,3,3,2,1,2644
2,1557,48,2,3,16,3,3,2,5,3,2,14,3,2,8,7,7,6439
2,1558,29,2,1,9,3,3,1,3,3,3,18,3,2,1,0,0,2451
2,1560,33,2,3,8,3,1,1,5,1,3,13,3,6,2,2,2,6392
1,1562,30,2,3,1,3,2,1,5,1,3,11,3,4,10,8,6,9714
2,1563,38,3,2,10,5,3,1,4,3,3,11,3,2,6,3,1,6077
2,1564,35,2,1,1,4,4,1,2,1,1,19,3,3,3,0,1,2450
2,1568,30,2,3,29,1,3,1,5,2,3,12,3,3,4,2,1,9250
1,1569,35,2,1,2,3,1,2,2,1,2,12,3,2,1,0,0,2074
1,1572,53,2,1,2,1,3,2,6,4,3,16,3,4,33,7,1,10169
1,1573,38,2,1,2,4,3,1,6,2,3,11,3,2,5,2,1,4855
2,1574,32,1,1,1,1,4,1,3,1,3,14,3,3,6,5,1,4087
2,1576,48,2,1,15,2,3,2,3,1,3,12,3,3,8,2,7,2367
2,1577,34,2,1,7,4,1,1,3,4,1,13,3,4,1,0,0,2972
2,1578,55,2,3,26,6,3,1,9,4,3,21,4,3,36,6,2,19586
2,1580,34,2,1,1,3,2,1,3,4,3,17,3,3,2,2,2,5484
2,1581,26,2,1,3,3,1,2,3,4,3,21,4,5,1,0,0,2061
2,1582,38,2,3,14,3,3,1,5,2,3,11,3,3,9,8,7,9924
2,1583,38,2,3,16,3,2,2,5,2,1,12,3,5,3,2,1,4198
2,1585,36,2,3,1,3,2,2,5,3,1,13,3,5,1,0,0,6815
2,1586,29,2,1,3,4,2,1,2,1,1,18,3,3,10,9,1,4723
2,1587,35,2,1,10,4,1,2,7,3,1,16,3,4,5,2,0,6142
2,1588,39,2,3,6,4,4,1,5,3,3,11,3,3,7,6,7,8237
2,1590,29,3,1,2,3,1,1,7,4,2,19,3,0,6,4,1,8853
2,1591,50,2,3,9,6,3,1,9,3,3,16,3,2,1,0,0,19331
2,1592,23,2,1,10,1,4,1,3,3,3,16,3,2,2,2,2,2073
2,1594,36,3,1,6,3,1,1,2,1,3,13,3,3,3,2,0,5562
2,1595,42,2,1,9,2,4,1,9,4,1,22,4,2,1,0,0,19613
2,1596,35,2,1,28,3,2,1,2,3,3,17,3,3,10,9,6,3407
2,1597,34,3,1,10,1,4,1,7,3,3,14,3,3,8,2,7,5063
2,1598,40,2,3,14,3,4,2,5,1,3,15,3,2,5,4,1,4639
2,1599,43,2,1,27,1,4,1,2,2,2,12,3,0,6,4,0,4876
2,1601,35,2,1,7,3,3,1,2,4,3,18,3,5,1,0,0,2690
2,1602,46,2,3,1,3,4,1,9,1,1,15,3,5,26,0,0,17567
1,1604,28,2,1,24,4,3,1,2,2,3,17,3,3,1,1,0,2408
2,1605,22,1,1,26,2,2,2,3,3,3,14,3,2,4,2,1,2814
2,1606,50,3,1,20,4,2,1,7,3,3,15,3,3,30,8,12,11245
2,1607,32,2,1,5,2,2,2,3,4,3,17,3,3,3,2,0,3312
2,1608,44,2,1,7,4,2,2,8,4,2,14,3,4,22,7,1,19049
2,1609,30,2,1,7,4,2,1,3,2,3,12,3,3,6,4,1,2141
2,1611,45,2,1,5,4,3,2,2,1,1,14,3,3,10,7,1,5769
2,1612,45,1,3,26,6,1,1,5,1,3,15,3,2,10,7,4,4385
2,1613,31,3,3,2,2,4,1,5,1,1,13,3,3,5,2,0,5332
2,1614,36,2,1,12,3,3,2,6,3,3,12,3,2,3,2,1,4663
2,1615,34,3,1,10,3,3,1,6,4,2,13,3,3,9,7,7,4724
2,1617,49,2,1,25,3,3,2,2,1,3,14,3,3,9,6,1,3211
2,1618,39,2,1,10,4,2,1,6,1,3,13,3,3,7,7,7,5377
2,1619,27,2,1,19,2,4,1,2,1,2,11,3,3,7,7,0,4066
2,1621,35,2,1,18,3,2,1,3,1,3,11,3,2,16,15,1,5208
2,1622,28,2,1,27,4,2,2,6,1,2,21,4,5,5,3,0,4877
2,1623,21,2,1,5,4,3,1,3,4,1,18,3,2,2,2,2,3117
1,1624,18,3,3,3,4,2,2,1,4,1,12,3,2,0,0,0,1569
2,1625,47,2,2,26,3,4,2,9,3,3,11,3,2,5,2,1,19658
2,1627,39,2,1,3,4,3,1,2,3,2,15,3,3,10,8,0,3069
2,1628,40,2,1,15,3,1,2,6,3,3,13,3,2,18,15,14,10435
2,1630,35,1,1,8,3,3,2,7,3,3,12,3,5,14,11,2,4148
2,1631,37,2,1,19,3,3,1,6,3,3,17,3,2,4,3,0,5768
2,1633,39,3,1,4,4,1,2,6,3,1,13,3,2,9,2,3,5042
2,1635,45,2,1,2,2,4,2,6,4,2,19,3,3,10,7,3,5770
2,1638,38,2,1,2,4,4,2,6,3,3,19,3,6,5,4,0,7756
1,1639,35,2,3,10,4,4,1,5,1,3,17,3,3,13,12,6,10306
2,1640,37,2,1,10,4,2,2,3,2,3,11,3,2,8,4,7,3936
2,1641,40,2,1,16,3,3,2,6,4,1,15,3,2,4,2,3,7945
2,1642,44,3,2,1,5,1,1,4,4,3,11,3,3,10,7,0,5743
2,1644,48,3,1,4,4,3,1,9,4,3,25,4,3,2,2,2,15202
1,1645,35,2,3,15,4,1,1,5,4,2,14,3,2,2,2,2,5440
2,1646,24,3,1,2,1,1,2,3,4,1,13,3,2,6,3,1,3760
2,1647,27,2,1,8,4,2,2,3,3,3,17,3,0,3,2,0,3517
2,1648,27,3,1,2,4,4,1,3,4,1,13,3,0,4,2,1,2580
1,1649,40,2,1,7,3,1,1,2,1,1,14,3,3,4,2,0,2166
2,1650,29,2,3,10,4,3,1,5,3,1,11,3,2,5,2,1,5869
2,1651,36,2,1,5,3,2,2,7,1,3,12,3,6,3,2,0,8008
2,1653,25,3,1,2,3,4,1,6,3,2,17,3,6,7,7,0,5206
2,1654,39,2,1,12,4,4,1,6,2,3,21,4,3,5,4,1,5295
2,1655,49,2,1,22,2,1,2,8,2,3,16,3,2,4,2,1,16413
2,1656,50,2,1,17,3,4,2,8,1,2,15,3,3,14,11,1,13269
2,1657,20,2,3,2,4,3,2,1,3,1,19,3,3,2,2,2,2783
2,1658,34,2,1,3,3,4,2,3,2,2,12,3,2,11,8,7,5433
2,1659,36,2,1,7,3,1,1,2,2,1,11,3,4,4,3,1,2013
2,1661,49,2,1,6,3,3,2,7,3,3,19,3,3,15,11,2,13966
2,1662,36,1,1,1,4,4,2,6,3,3,15,3,6,3,2,1,4374
2,1664,36,2,1,3,3,4,1,7,1,2,20,4,3,5,4,0,6842
2,1665,54,2,1,22,4,2,2,9,3,3,25,4,6,10,8,4,17426
2,1666,43,2,1,15,3,3,1,8,3,3,24,4,3,14,10,6,17603
1,1667,35,3,3,12,2,4,1,5,4,1,24,4,2,11,9,6,4581
2,1668,38,3,1,1,3,4,1,3,4,3,15,3,4,13,11,2,4735
2,1669,29,2,3,5,4,1,1,5,2,2,13,3,3,10,0,0,4187
2,1670,33,2,3,2,4,4,1,5,4,2,14,3,5,6,2,0,5505
2,1671,32,2,1,2,4,4,1,3,2,2,13,3,4,9,5,1,5470
2,1673,31,2,3,5,3,1,2,5,4,3,11,3,2,10,0,0,5476
2,1674,49,2,1,16,4,4,2,2,1,2,16,3,2,2,2,2,2587
2,1675,38,3,1,2,4,4,2,2,2,1,22,4,3,4,3,3,2440
2,1676,47,2,3,2,3,2,2,9,2,2,14,3,2,3,2,1,15972
2,1677,49,2,1,1,3,3,1,9,3,1,14,3,2,8,7,0,15379
2,1678,41,2,3,23,3,4,1,5,3,1,16,3,2,2,0,0,7082
2,1680,20,2,3,9,3,4,1,1,1,1,11,3,3,2,2,0,2728
2,1681,33,1,3,16,3,3,2,5,4,2,25,4,2,6,5,1,5368
2,1682,36,2,1,26,3,1,1,7,3,3,14,3,2,3,2,0,5347
2,1683,44,2,2,1,3,3,2,4,4,2,18,3,2,2,2,2,3195
1,1684,23,2,1,8,4,4,1,2,3,1,11,3,2,5,4,1,3989
2,1687,38,2,1,4,4,4,2,2,3,3,19,3,5,0,0,0,3306
2,1689,53,2,1,24,4,2,1,7,4,3,15,3,2,4,3,1,7005
1,1691,48,3,3,7,4,4,2,1,3,3,11,3,3,9,7,7,2655
1,1692,32,2,1,2,3,4,1,2,2,1,12,3,2,1,0,0,1393
2,1693,26,1,1,7,4,4,1,2,4,1,20,4,5,7,7,5,2570
2,1694,55,2,1,22,1,1,1,3,2,2,12,3,1,4,2,1,3537
2,1696,34,2,1,5,4,2,1,2,4,3,14,3,3,15,10,4,3986
2,1697,60,2,1,1,4,3,1,7,4,2,20,4,2,1,0,0,10883
2,1698,33,2,1,21,4,2,1,2,2,3,18,3,6,14,11,2,2028
2,1700,37,3,3,1,4,3,1,5,4,2,14,3,2,6,3,1,9525
2,1701,34,2,1,19,3,2,2,3,4,3,12,3,3,10,9,8,2929
1,1702,23,2,3,7,3,3,1,1,4,2,21,4,2,3,2,0,2275
2,1703,44,2,1,2,3,3,2,7,4,3,19,3,2,8,7,6,7879
2,1704,35,3,1,2,4,1,1,3,4,1,14,3,2,5,4,1,4930
2,1706,43,2,3,2,4,4,1,5,4,3,17,3,3,10,9,8,7847
2,1707,24,2,1,9,4,3,1,3,3,3,16,3,1,5,3,0,4401
2,1708,41,2,3,6,6,4,1,5,3,1,12,3,3,10,8,8,9241
2,1709,29,2,1,9,4,4,2,2,3,3,17,3,2,5,3,1,2974
2,1710,36,2,3,2,3,3,2,1,4,1,15,3,2,13,7,6,4502
2,1712,45,1,1,1,3,3,1,7,3,3,23,4,3,23,15,14,10748
1,1714,24,2,2,22,5,4,1,4,3,3,11,3,2,1,0,0,1555
1,1716,47,3,3,9,3,3,1,5,3,3,11,3,3,23,5,14,12936
2,1718,26,2,1,17,4,4,1,2,3,3,15,3,3,3,2,0,2305
2,1719,45,2,1,28,1,4,2,8,2,1,11,3,2,21,6,8,16704
2,1720,32,3,1,10,3,1,1,3,3,3,13,3,3,5,2,1,3433
2,1721,31,2,1,2,3,2,1,2,3,3,14,3,2,5,2,0,3477
2,1722,41,1,2,4,5,3,1,4,2,3,19,3,4,3,2,1,6430
2,1724,40,2,1,8,3,2,2,6,1,3,16,3,3,1,0,0,6516
2,1725,24,2,1,29,4,2,1,2,1,2,13,3,2,6,2,1,3907
2,1727,46,2,1,13,3,3,1,7,2,1,14,3,3,10,7,0,5562
2,1728,35,2,1,27,3,4,1,6,3,3,16,3,3,7,7,0,6883
2,1729,30,2,1,16,3,2,1,3,4,3,12,3,2,10,0,0,2862
2,1731,47,1,3,2,6,3,1,5,2,3,11,3,3,1,0,0,4978
2,1732,46,2,3,2,3,3,1,5,4,2,12,3,5,10,6,0,10368
1,1733,36,2,3,13,6,2,1,5,1,2,13,3,3,2,2,2,6134
1,1734,32,2,3,1,3,1,1,5,2,1,15,3,2,0,0,0,6735
2,1735,23,2,1,4,4,3,2,2,2,1,13,3,3,3,2,1,3295
2,1736,31,3,1,24,1,4,2,6,4,1,20,4,3,5,4,1,5238
2,1737,39,1,1,1,3,4,1,2,4,3,15,3,2,9,8,5,6472
2,1739,32,2,3,19,3,4,1,5,3,3,13,3,2,4,3,0,9610
2,1740,40,2,3,7,4,2,1,9,2,1,14,3,3,21,8,12,19833
2,1744,45,2,2,4,3,3,2,4,3,3,21,4,2,5,0,0,9756
2,1745,30,3,1,2,1,4,2,3,1,1,16,3,2,9,7,0,4968
2,1746,24,3,2,10,4,1,1,4,4,3,14,3,2,2,2,2,2145
1,1747,30,3,2,8,5,3,2,4,4,2,11,3,0,4,2,1,2180
2,1749,31,2,3,5,1,1,1,5,3,3,19,3,3,5,2,0,8346
2,1751,27,2,1,8,4,3,2,3,4,1,11,3,5,6,2,1,3445
1,1752,29,2,3,9,6,2,2,1,2,1,13,3,3,2,2,2,2760
2,1753,29,3,1,1,3,4,1,7,3,1,12,3,5,3,2,0,6294
2,1754,30,2,3,15,6,3,1,5,1,2,11,3,2,7,7,1,7140
2,1755,34,2,1,2,4,4,1,3,4,3,14,3,3,5,0,1,2932
2,1756,33,1,3,2,6,4,2,5,2,1,15,3,2,11,7,1,5147
2,1757,49,2,3,11,6,4,2,5,4,1,12,3,1,5,1,0,4507
1,1758,33,2,3,16,3,1,2,5,1,1,20,4,2,0,0,0,8564
2,1760,38,3,1,2,4,3,2,2,2,3,14,3,4,6,1,0,2468
1,1761,31,2,3,16,6,1,1,5,3,3,13,3,2,1,0,0,8161
2,1762,29,2,1,4,1,4,2,3,1,2,13,3,2,1,0,0,2109
2,1763,30,2,1,16,3,3,1,7,3,3,16,3,3,7,0,1,5294
2,1764,32,1,1,5,1,2,1,3,2,1,14,3,3,7,7,0,2718
2,1766,38,2,1,18,4,2,1,7,4,3,16,3,2,1,0,1,5811
1,1767,43,3,1,17,1,3,1,3,3,3,16,3,4,1,0,0,2437
2,1768,42,2,1,12,4,2,1,2,2,2,22,4,6,5,3,0,2766
2,1770,55,2,1,2,4,3,1,8,1,3,12,3,2,1,0,0,19038
2,1771,33,1,1,4,1,4,1,3,2,2,15,3,2,9,8,1,3055
2,1772,41,2,1,9,3,3,1,2,1,2,20,4,2,5,3,0,2289
2,1774,34,1,3,10,3,4,1,5,3,2,14,3,3,15,14,0,4001
2,1775,53,1,1,1,4,1,2,6,3,3,20,4,2,3,2,0,12965
2,1778,43,2,2,2,3,2,1,4,4,1,13,3,5,9,7,1,3539
2,1779,34,2,3,3,3,4,2,5,4,1,12,3,3,2,2,2,6029
1,1780,21,2,3,7,6,2,1,1,2,1,13,3,3,1,0,1,2679
2,1782,38,2,1,6,2,4,2,2,3,3,11,3,3,5,4,0,3702
1,1783,22,2,1,8,4,3,2,2,1,3,17,3,6,1,0,0,2398
2,1784,31,2,3,29,6,1,2,5,4,3,14,3,3,12,7,5,5468
2,1786,51,2,1,3,1,1,2,9,3,3,11,3,2,2,2,2,13116
2,1787,37,2,3,9,6,2,1,5,2,3,14,3,2,5,2,0,4189
2,1789,46,2,1,2,4,3,1,8,4,2,17,3,3,2,1,2,19328
2,1790,36,2,1,10,3,4,1,7,1,3,13,3,1,12,8,5,8321
1,1792,44,3,1,1,4,3,1,3,2,2,12,3,2,5,3,2,2342
2,1794,37,2,2,8,2,3,1,4,2,2,13,3,4,10,0,4,4071
1,1797,35,2,3,27,3,3,1,5,4,1,18,3,2,10,7,7,5813
2,1798,33,2,1,8,3,4,1,3,1,3,19,3,1,10,8,7,3143
2,1799,28,2,1,1,3,3,1,3,4,3,11,3,6,5,3,0,2044
2,1800,39,2,1,10,4,3,1,8,3,1,21,4,3,4,3,2,13464
2,1801,46,1,3,26,3,2,1,5,2,1,15,3,3,2,2,2,7991
2,1802,40,2,1,2,3,3,2,2,1,3,17,3,5,4,3,0,3377
2,1803,42,2,1,13,4,2,1,7,1,3,18,3,2,0,0,0,5538
2,1804,35,1,1,2,4,2,1,6,4,2,14,3,6,7,7,1,5762
2,1805,38,1,2,2,5,1,1,4,2,2,13,3,3,11,10,3,2592
1,1807,34,3,1,9,3,4,1,2,1,3,17,3,3,7,1,0,5346
1,1809,37,2,1,10,4,4,1,6,1,1,15,3,4,10,3,0,4213
2,1812,39,3,3,20,3,3,1,5,4,2,18,3,6,2,1,2,4127
2,1813,43,1,1,9,3,1,1,3,3,1,13,3,2,3,2,1,2438
2,1814,41,2,1,5,3,2,1,7,2,1,12,3,3,3,2,1,6870
2,1815,41,2,3,4,6,3,2,5,3,2,13,3,3,22,14,13,10447
2,1816,30,2,1,10,4,1,2,6,3,1,14,3,3,7,7,0,9667
1,1818,26,2,2,20,4,4,2,4,2,3,11,3,3,5,1,1,2148
1,1821,46,2,1,21,4,4,2,7,2,3,22,4,2,9,7,3,8926
2,1822,40,2,1,1,3,3,2,7,4,2,17,3,3,5,3,0,6513
2,1823,34,2,3,8,1,2,1,5,3,3,21,4,5,10,8,4,6799
2,1824,58,1,3,2,4,2,1,9,2,2,22,4,0,16,9,14,16291
2,1826,35,2,1,23,4,2,1,2,3,3,16,3,2,5,4,0,2705
2,1827,47,2,1,4,3,3,2,6,2,2,12,3,4,22,11,14,10333
2,1829,40,2,1,12,3,2,2,7,1,2,12,3,3,7,4,7,4448
2,1830,54,2,1,7,4,4,2,3,4,3,15,3,2,7,1,1,6854
2,1833,31,3,3,7,6,1,2,5,1,3,14,3,3,3,2,2,9637
2,1834,28,2,1,1,4,3,2,3,1,3,25,4,3,3,2,1,3591
2,1835,38,2,3,2,6,2,2,1,4,3,20,4,4,4,2,0,5405
2,1836,26,2,3,10,4,3,1,5,4,1,13,3,4,5,3,1,4684
2,1837,58,3,1,15,3,1,1,8,3,3,14,3,3,2,2,2,15787
2,1839,18,1,1,14,4,2,2,3,3,1,16,3,4,0,0,0,1514
1,1842,31,2,2,18,5,4,1,4,1,3,17,3,4,1,0,0,2956
1,1844,29,2,2,13,5,1,1,4,1,2,15,3,3,2,2,2,2335
2,1845,45,1,3,2,3,3,2,5,3,3,22,4,3,8,7,5,5154
2,1847,36,2,1,2,2,4,2,3,2,3,22,4,2,1,0,0,6962
2,1849,43,3,3,2,3,1,1,5,4,3,20,4,5,7,7,7,5675
2,1850,27,3,1,5,3,4,2,2,4,1,14,3,3,5,4,0,2379
2,1852,29,3,1,20,4,4,1,2,4,3,13,3,3,11,8,3,3812
2,1853,32,3,3,10,6,4,1,5,4,1,13,3,2,0,0,0,4648
2,1854,42,1,1,10,1,3,1,3,3,3,22,4,1,6,3,3,2936
2,1856,47,2,1,9,3,2,2,2,3,1,12,3,2,2,2,2,2105
2,1857,46,2,1,2,3,4,1,6,4,2,14,3,4,9,8,4,8578
2,1858,28,1,2,1,3,3,1,4,4,2,15,3,2,3,2,2,2706
2,1859,29,2,1,29,3,4,1,7,3,2,17,3,3,7,0,1,6384
2,1860,42,2,1,8,3,4,1,2,3,1,13,3,3,0,0,0,3968
1,1862,32,2,3,2,6,3,1,5,2,1,12,3,3,2,2,2,9907
2,1863,46,2,3,3,1,1,2,5,1,2,12,3,5,19,17,2,13225
2,1864,27,2,3,23,4,2,2,1,3,3,21,4,5,9,8,5,3540
2,1865,29,2,2,6,4,4,1,4,2,3,11,3,3,1,0,0,2804
2,1866,43,2,1,6,4,1,2,9,3,3,13,3,2,16,12,6,19392
2,1867,48,2,1,10,3,4,1,8,2,3,12,3,3,22,10,12,19665
1,1868,29,3,1,24,3,4,1,3,4,1,24,4,3,1,0,1,2439
1,1869,46,2,3,10,3,3,2,5,2,3,21,4,2,8,7,0,7314
2,1870,27,3,1,15,3,4,2,3,1,3,19,3,2,7,6,7,4774
2,1871,39,2,1,19,2,4,1,3,4,2,14,3,2,2,2,2,3902
2,1873,55,2,1,2,1,2,1,3,4,3,20,4,2,5,2,0,2662
2,1875,28,2,3,3,4,2,2,1,2,3,19,3,3,1,0,0,2856
1,1876,30,2,3,9,4,2,1,1,4,1,13,3,3,1,0,0,1081
1,1878,22,2,1,7,3,4,1,3,2,1,23,4,2,1,0,0,2472
2,1880,36,2,3,10,1,2,2,5,3,3,13,3,4,10,9,1,5673
2,1881,31,2,1,20,3,2,1,2,3,2,11,3,2,10,8,0,4197
2,1882,34,2,3,4,3,3,1,5,4,3,13,3,3,5,3,1,9713
2,1883,29,2,1,7,3,4,1,2,1,1,14,3,2,3,2,1,2062
2,1885,37,2,1,7,4,4,1,3,1,3,22,4,2,5,3,0,4284
2,1886,35,2,1,16,2,4,2,6,2,3,11,3,2,3,2,0,4788
2,1888,45,2,1,25,3,2,2,6,4,3,13,3,2,9,8,3,5906
2,1890,36,3,2,2,5,2,1,4,4,1,21,4,2,10,1,0,3886
2,1892,40,2,1,1,3,1,1,9,1,2,11,3,3,19,7,11,16823
2,1893,26,2,1,1,3,2,2,3,3,3,13,3,3,1,0,1,2933
2,1898,27,2,3,2,4,1,2,5,3,1,14,3,5,8,7,0,6500
2,1900,48,3,1,22,4,4,2,9,4,2,11,3,3,22,17,4,17174
2,1903,44,2,1,1,3,2,1,7,1,3,15,3,5,2,0,2,5033
1,1905,34,1,1,16,1,4,1,3,1,3,23,4,2,5,2,3,2307
1,1907,56,2,1,24,3,1,1,2,4,1,16,3,3,4,2,1,2587
2,1908,36,2,3,17,6,3,1,5,2,3,16,3,1,4,2,1,5507
2,1909,41,2,3,8,6,3,2,5,2,3,21,4,3,5,4,1,4393
2,1911,42,2,1,6,4,3,1,8,1,3,13,3,3,13,7,5,13348
2,1912,31,2,3,10,4,3,2,5,4,2,11,3,2,5,2,1,6583
2,1915,34,2,3,3,4,4,2,5,4,3,12,3,3,4,2,0,8103
2,1916,31,2,1,4,4,1,2,2,3,2,12,3,0,2,2,2,3978
2,1918,26,3,1,6,2,3,1,2,4,3,18,3,3,7,7,7,2544
2,1922,45,3,1,1,4,2,1,7,3,1,12,3,3,4,2,0,5399
2,1924,33,2,3,10,6,2,1,5,3,1,14,3,2,10,4,0,5487
2,1927,28,3,3,1,3,3,1,5,4,3,12,3,2,7,7,0,6834
1,1928,29,3,3,24,1,3,1,1,1,1,17,3,3,1,0,0,1091
2,1929,39,1,3,21,3,1,2,5,3,3,19,3,1,3,2,1,5736
2,1931,27,2,1,2,1,2,1,3,2,3,11,3,3,5,3,1,2226
2,1932,34,3,1,22,2,3,1,3,4,3,15,3,3,15,10,6,5747
1,1933,28,2,3,13,6,4,2,5,3,1,11,3,0,2,0,2,9854
2,1934,47,1,1,14,1,3,1,3,2,3,18,3,4,8,7,1,5467
2,1935,56,2,3,11,6,4,2,5,1,3,16,3,3,0,0,0,5380
2,1936,39,2,1,9,4,1,1,6,1,3,25,4,3,10,0,7,5151
2,1937,38,3,1,8,4,4,2,3,2,2,16,3,3,20,11,0,2133
2,1938,58,2,3,21,3,4,2,9,4,3,13,3,2,1,0,0,17875
1,1939,32,3,1,5,3,1,2,3,3,1,14,3,2,4,1,0,2432
2,1940,38,2,1,9,3,2,1,3,4,2,19,3,0,5,2,0,4771
2,1941,49,3,1,2,3,2,1,8,4,3,15,3,3,5,4,4,19161
2,1943,42,2,3,12,6,2,1,5,4,2,12,3,4,0,0,0,5087
1,1944,27,3,2,22,5,1,2,4,2,3,12,3,2,1,0,0,2863
2,1945,35,2,3,18,4,2,1,5,1,3,16,3,2,5,3,0,5561
2,1947,28,1,1,16,4,3,1,3,3,1,14,3,3,5,3,1,2144
2,1948,31,1,1,3,4,3,1,3,1,2,13,3,3,4,2,2,3065
2,1949,36,1,1,9,3,1,1,2,2,3,22,4,3,5,4,0,2810
2,1950,34,2,3,1,6,1,1,5,4,1,21,4,3,14,8,2,9888
2,1951,34,2,3,13,4,4,1,5,3,2,18,3,2,8,7,1,8628
2,1952,26,2,1,1,4,3,1,2,1,1,13,3,6,7,7,7,2867
2,1954,29,2,1,1,3,1,1,7,1,3,12,3,5,5,3,0,5373
2,1955,32,1,1,15,4,3,2,7,4,2,18,3,6,5,1,1,6667
2,1956,31,3,1,1,3,4,1,3,1,3,21,4,6,10,8,8,5003
1,1960,28,2,1,17,1,3,1,2,4,2,12,3,2,4,1,0,2367
2,1961,38,2,3,1,3,1,1,1,1,1,14,3,3,1,0,0,2858
2,1962,35,2,3,7,3,3,2,5,4,3,11,3,2,10,8,0,5204
2,1965,27,2,3,9,6,4,1,5,4,1,14,3,5,7,7,0,4105
2,1966,32,2,1,5,3,4,1,6,4,1,24,4,1,1,0,0,9679
1,1967,31,3,3,26,6,1,1,5,4,3,11,3,4,10,7,0,5617
1,1968,53,2,3,24,3,1,1,5,1,1,13,3,2,2,2,2,10448
2,1969,54,2,1,9,3,1,2,3,3,3,11,3,6,4,3,2,2897
2,1970,33,3,1,7,3,4,1,7,3,2,20,4,2,9,7,2,5968
2,1971,43,2,1,11,3,1,1,7,3,3,17,3,1,10,9,0,7510
2,1972,38,3,2,1,2,4,1,4,2,3,11,3,2,6,2,1,2991
2,1973,55,2,2,26,5,3,1,9,2,3,18,3,0,10,9,1,19636
2,1974,31,2,1,2,4,4,2,2,4,2,11,3,4,1,0,0,1129
2,1975,39,2,3,15,6,2,1,5,1,1,12,3,3,20,8,11,13341
2,1976,42,1,1,23,3,4,1,3,3,1,12,3,2,20,9,3,4332
2,1979,31,1,1,10,4,3,2,8,3,3,20,4,2,11,7,4,11031
2,1980,54,2,1,10,4,3,2,6,1,1,19,3,3,5,2,1,4440
2,1981,24,2,1,1,3,2,1,7,3,1,12,3,2,4,3,1,4617
2,1982,23,2,1,12,2,4,1,2,4,1,13,3,6,5,2,1,2647
2,1985,40,3,1,11,1,4,2,2,3,3,11,3,2,10,9,9,6323
2,1986,40,2,3,2,6,2,2,5,2,3,14,3,4,11,8,5,5677
2,1987,25,2,2,2,5,3,2,4,2,3,14,3,3,2,0,1,2187
2,1989,30,2,1,1,4,4,1,2,2,3,13,3,6,12,8,1,3748
2,1992,25,2,1,2,2,4,1,2,3,2,19,3,2,2,2,0,3977
2,1993,47,2,1,25,4,1,1,7,3,1,23,4,3,17,14,12,8633
2,1994,33,1,1,1,4,2,1,2,3,2,12,3,2,1,1,0,2008
2,1995,38,2,3,1,3,4,1,5,2,3,15,3,3,15,13,5,4440
2,1996,31,2,3,2,3,1,1,1,3,3,19,3,1,2,2,1,3067
2,1997,38,3,1,6,3,1,1,6,3,3,11,3,1,8,3,7,5321
2,1998,42,2,1,18,3,4,1,3,1,2,17,3,3,4,3,1,5410
2,1999,41,2,1,1,3,4,1,3,4,3,22,4,3,5,3,1,2782
2,2000,47,1,1,1,4,3,2,8,2,3,18,3,3,13,8,5,11957
2,2003,35,2,1,11,4,4,1,2,3,3,11,3,3,2,2,2,2660
2,2007,22,2,1,1,3,4,1,3,3,1,12,3,2,3,2,1,3375
2,2008,35,2,1,9,4,2,1,3,3,1,19,3,5,10,7,0,5098
2,2009,33,2,1,15,4,2,2,7,4,3,13,3,6,9,7,8,4878
2,2010,32,2,1,29,3,3,2,2,2,1,13,3,3,6,2,4,2837
2,2012,40,2,1,1,3,1,1,2,4,3,19,3,3,1,0,0,2406
2,2013,32,2,3,1,4,2,1,1,2,3,14,3,2,2,2,2,2269
2,2014,39,2,1,24,3,1,1,3,4,1,13,3,2,7,7,1,4108
2,2015,38,2,1,10,4,2,2,8,3,3,12,3,3,18,16,1,13206
2,2016,32,2,3,1,6,3,2,5,4,3,19,3,3,14,10,5,10422
2,2017,37,2,1,10,3,3,2,8,4,3,25,4,2,16,11,6,13744
2,2018,25,2,3,8,2,1,2,5,3,2,22,4,3,5,3,0,4907
2,2019,52,1,3,29,3,1,1,1,4,2,15,3,3,9,8,0,3482
2,2020,44,2,1,1,4,2,1,3,4,1,12,3,2,4,3,1,2436
2,2021,21,2,3,5,4,3,1,1,1,1,11,3,6,2,2,1,2380
2,2022,39,1,1,9,3,4,1,9,4,1,13,3,3,6,0,1,19431
1,2023,23,3,3,9,6,4,1,1,1,3,19,3,3,1,0,1,1790
2,2024,36,2,3,3,4,1,2,5,4,3,19,3,2,9,7,3,7644
2,2025,36,3,1,4,3,4,2,6,2,2,13,3,3,4,2,0,5131
2,2026,56,1,1,1,3,3,1,7,3,2,21,4,2,13,12,1,6306
1,2027,29,2,1,1,4,1,1,3,4,3,14,3,3,2,2,2,4787
2,2031,42,2,1,2,3,1,1,9,3,3,11,3,2,22,6,4,18880
1,2032,56,2,1,7,1,4,1,2,3,3,11,3,4,10,9,9,2339
2,2034,41,2,1,28,3,1,2,6,2,3,23,4,3,20,7,0,13570
2,2035,34,2,3,28,6,4,2,5,3,3,21,4,2,8,7,1,6712
2,2036,36,1,3,15,6,4,1,5,4,2,24,4,4,15,12,11,5406
2,2037,41,2,3,3,3,3,1,5,2,2,11,3,5,5,4,0,8938
2,2038,32,2,1,2,1,4,1,3,1,1,14,3,4,4,2,1,2439
2,2040,35,2,2,26,3,3,2,4,4,1,16,3,2,9,0,1,8837
2,2041,38,2,3,10,3,1,2,5,4,3,11,3,1,10,7,1,5343
1,2044,50,3,3,1,3,2,1,5,3,2,12,3,3,6,3,0,6728
2,2045,36,2,3,11,6,2,2,5,4,3,13,3,2,6,3,0,6652
2,2046,45,2,3,20,3,4,2,5,3,1,15,3,3,5,3,0,4850
2,2048,40,2,1,2,3,3,1,3,3,1,14,3,2,2,2,2,2809
2,2049,35,3,1,18,3,3,1,7,3,3,14,3,2,10,2,0,5689
2,2051,40,2,1,2,4,3,2,3,3,3,14,3,2,5,3,0,2001
2,2052,35,2,1,1,3,3,2,3,4,3,12,3,5,4,3,1,2977
2,2053,29,2,1,13,2,4,1,2,2,3,13,3,2,4,3,0,4025
2,2054,29,2,1,28,4,4,2,3,1,1,14,3,3,5,4,0,3785
1,2055,50,2,3,28,6,4,1,5,1,2,13,3,3,3,2,2,10854
2,2056,39,2,3,24,6,2,2,5,4,3,11,3,2,20,9,9,12031
2,2057,31,1,1,5,4,2,1,6,1,1,19,3,2,9,4,1,9936
2,2060,26,2,3,5,2,4,2,1,3,1,18,3,2,4,2,0,2966
2,2061,36,3,1,23,4,3,1,2,4,3,17,3,3,5,2,0,2571
2,2062,39,2,1,6,4,4,1,7,1,3,15,3,5,7,7,1,9991
2,2064,27,2,1,4,3,2,1,6,2,3,20,4,0,6,2,0,6142
2,2065,49,3,3,2,4,4,1,5,2,3,14,3,3,9,6,0,5390
2,2068,34,2,1,8,4,2,1,2,3,3,12,3,3,4,3,1,4404
